timestamp,d,y,p,r,a_x,a_y,a_z,a_x_calibration,a_y_calibration,a_z_calibration
15:27:20.879,120,2.29,4.58,2.58,37,-17,-2385,-577.4945652173913,-94.29891304347827,1779.535326086957
15:27:20.982,121,2.28,4.77,2.55,93,-36,-2956,-521.4945652173913,-113.29891304347827,1208.535326086957
15:27:21.051,123,2.29,4.95,2.48,102,-39,-3328,-512.4945652173913,-116.29891304347827,836.535326086957
15:27:21.156,123,2.3,5.09,2.39,78,-44,-3536,-536.4945652173913,-121.29891304347827,628.535326086957
15:27:21.293,115,2.51,7.47,0.18,-40,-377,-4163,-654.4945652173913,-454.29891304347825,1.5353260869569567
15:27:21.394,120,2.54,7.5,0.12,-20,-425,-4217,-634.4945652173913,-502.29891304347825,-52.46467391304304
15:27:21.466,125,2.59,7.52,0.09,-1,-446,-4237,-615.4945652173913,-523.2989130434783,-72.46467391304304
15:27:21.577,124,2.64,7.58,0.08,34,-420,-4200,-580.4945652173913,-497.29891304347825,-35.46467391304304
15:27:21.682,126,2.71,7.65,0.03,14,-356,-4181,-600.4945652173913,-433.29891304347825,-16.464673913043043
15:27:21.819,123,7.29,8.25,-0.28,-275,-585,-4321,-889.4945652173913,-662.2989130434783,-156.46467391304304
15:27:21.892,126,7.61,8.34,-0.27,-217,-558,-4227,-831.4945652173913,-635.2989130434783,-62.46467391304304
15:27:21.992,124,7.95,8.45,-0.29,-130,-572,-4153,-744.4945652173913,-649.2989130434783,11.535326086956957
15:27:22.099,125,8.26,8.58,-0.31,-51,-638,-4116,-665.4945652173913,-715.2989130434783,48.53532608695696
15:27:22.204,128,8.54,8.71,-0.3,9,-687,-4070,-605.4945652173913,-764.2989130434783,94.53532608695696
15:27:22.341,125,14.66,12.99,-1.6,-328,-587,-4233,-942.4945652173913,-664.2989130434783,-68.46467391304304
15:27:22.414,122,14.86,13.03,-1.6,-319,-556,-4174,-933.4945652173913,-633.2989130434783,-9.464673913043043
15:27:22.515,126,15.1,13.12,-1.66,-190,-545,-4140,-804.4945652173913,-622.2989130434783,24.535326086956957
15:27:22.615,118,15.38,13.31,-1.72,-99,-600,-4137,-713.4945652173913,-677.2989130434783,27.535326086956957
15:27:22.756,118,22.21,15.64,-2.45,75,-410,-3992,-539.4945652173913,-487.29891304347825,172.53532608695696
15:27:22.857,115,22.41,15.66,-2.49,87,-422,-4027,-527.4945652173913,-499.29891304347825,137.53532608695696
15:27:22.932,119,22.65,15.71,-2.52,73,-446,-4038,-541.4945652173913,-523.2989130434783,126.53532608695696
15:27:23.034,117,22.94,15.79,-2.57,34,-439,-4064,-580.4945652173913,-516.2989130434783,100.53532608695696
15:27:23.140,119,23.26,15.84,-2.63,34,-443,-4064,-580.4945652173913,-520.2989130434783,100.53532608695696
15:27:23.281,119,30.32,16.38,-4.41,-278,-586,-4241,-892.4945652173913,-663.2989130434783,-76.46467391304304
15:27:23.349,121,30.55,16.36,-4.44,-282,-580,-4250,-896.4945652173913,-657.2989130434783,-85.46467391304304
15:27:23.456,116,30.79,16.36,-4.48,-224,-570,-4251,-838.4945652173913,-647.2989130434783,-86.46467391304304
15:27:23.565,116,31.05,16.42,-4.5,-201,-555,-4256,-815.4945652173913,-632.2989130434783,-91.46467391304304
15:27:23.635,112,31.34,16.51,-4.53,-209,-547,-4252,-823.4945652173913,-624.2989130434783,-87.46467391304304
15:27:23.775,117,40.4,18.04,-5.16,-249,-527,-4117,-863.4945652173913,-604.2989130434783,47.53532608695696
15:27:23.882,121,40.68,18.09,-5.15,-265,-555,-4121,-879.4945652173913,-632.2989130434783,43.53532608695696
15:27:23.987,121,40.94,18.12,-5.16,-300,-609,-4107,-914.4945652173913,-686.2989130434783,57.53532608695696
15:27:24.058,113,-179.67,-8.66,10.26,207,-521,771,-407.49456521739125,-598.2989130434783,4935.535326086957
15:27:24.228,116,48.04,18.98,-5.08,-291,-634,-4198,-905.4945652173913,-711.2989130434783,-33.46467391304304
15:27:24.301,119,48.31,19.03,-5.06,-294,-675,-4206,-908.4945652173913,-752.2989130434783,-41.46467391304304
15:27:24.409,111,48.6,19.07,-5.02,-297,-674,-4182,-911.4945652173913,-751.2989130434783,-17.464673913043043
15:27:24.483,119,48.89,19.12,-4.99,-281,-655,-4163,-895.4945652173913,-732.2989130434783,1.5353260869569567
15:27:24.590,111,49.17,19.16,-4.98,-282,-653,-4159,-896.4945652173913,-730.2989130434783,5.535326086956957
15:27:24.732,115,57.86,20.16,-4.31,-202,-823,-4128,-816.4945652173913,-900.2989130434783,36.53532608695696
15:27:24.833,115,58.14,20.12,-4.29,-197,-843,-4158,-811.4945652173913,-920.2989130434783,6.535326086956957
15:27:24.908,117,58.43,20.09,-4.26,-161,-806,-4166,-775.4945652173913,-883.2989130434783,-1.4646739130430433
15:27:25.015,118,58.73,20.1,-4.23,-112,-763,-4187,-726.4945652173913,-840.2989130434783,-22.464673913043043
15:27:25.119,120,59.04,20.15,-4.2,-90,-751,-4211,-704.4945652173913,-828.2989130434783,-46.46467391304304
15:27:25.261,119,68.85,21.34,-2.66,-103,-704,-4064,-717.4945652173913,-781.2989130434783,100.53532608695696
15:27:25.333,115,69.13,21.36,-2.63,-106,-730,-4037,-720.4945652173913,-807.2989130434783,127.53532608695696
15:27:25.436,115,69.41,21.37,-2.62,-93,-739,-4027,-707.4945652173913,-816.2989130434783,137.53532608695696
15:27:25.541,118,69.67,21.37,-2.62,-64,-737,-4065,-678.4945652173913,-814.2989130434783,99.53532608695696
15:27:25.610,120,69.93,21.37,-2.61,-27,-741,-4111,-641.4945652173913,-818.2989130434783,53.53532608695696
15:27:25.753,107,78.07,21.68,-1.91,40,-721,-4239,-574.4945652173913,-798.2989130434783,-74.46467391304304
15:27:25.858,115,78.33,21.71,-1.89,32,-708,-4237,-582.4945652173913,-785.2989130434783,-72.46467391304304
15:27:25.965,113,78.61,21.73,-1.87,58,-706,-4244,-556.4945652173913,-783.2989130434783,-79.46467391304304
15:27:26.036,114,78.88,21.74,-1.83,94,-706,-4254,-520.4945652173913,-783.2989130434783,-89.46467391304304
15:27:26.141,113,79.14,21.75,-1.78,71,-713,-4213,-543.4945652173913,-790.2989130434783,-48.46467391304304
15:27:26.281,112,86.12,20.69,-1.46,146,-831,-4200,-468.49456521739125,-908.2989130434783,-35.46467391304304
15:27:26.384,109,86.33,20.61,-1.45,170,-777,-4196,-444.49456521739125,-854.2989130434783,-31.464673913043043
15:27:26.453,107,86.54,20.56,-1.44,145,-783,-4198,-469.49456521739125,-860.2989130434783,-33.46467391304304
15:27:26.558,113,86.77,20.51,-1.45,153,-850,-4245,-461.49456521739125,-927.2989130434783,-80.46467391304304
15:27:26.706,107,92.3,19.46,-0.16,290,-946,-4336,-324.49456521739125,-1023.2989130434783,-171.46467391304304
15:27:26.809,110,92.45,19.35,-0.08,280,-968,-4356,-334.49456521739125,-1045.2989130434783,-191.46467391304304
15:27:26.877,108,92.59,19.22,-0.02,250,-1003,-4350,-364.49456521739125,-1080.2989130434783,-185.46467391304304
15:27:26.983,113,92.71,19.06,0.05,261,-998,-4346,-353.49456521739125,-1075.2989130434783,-181.46467391304304
15:27:27.093,110,92.84,18.91,0.14,266,-1010,-4346,-348.49456521739125,-1087.2989130434783,-181.46467391304304
15:27:27.240,116,96.6,18.19,1.55,529,-795,-4357,-85.49456521739125,-872.2989130434783,-192.46467391304304
15:27:27.307,114,96.67,18.12,1.55,545,-779,-4366,-69.49456521739125,-856.2989130434783,-201.46467391304304
15:27:27.414,120,96.72,18.05,1.55,546,-823,-4362,-68.49456521739125,-900.2989130434783,-197.46467391304304
15:27:27.520,120,96.77,17.95,1.55,547,-888,-4345,-67.49456521739125,-965.2989130434783,-180.46467391304304
15:27:27.594,119,96.84,17.84,1.54,554,-940,-4322,-60.494565217391255,-1017.2989130434783,-157.46467391304304
15:27:27.741,123,98.13,14.88,1.13,662,-963,-4259,47.505434782608745,-1040.2989130434783,-94.46467391304304
15:27:27.848,119,98.12,14.81,1.07,598,-923,-4204,-16.494565217391255,-1000.2989130434783,-39.46467391304304
15:27:27.919,116,98.12,14.78,0.97,547,-879,-4185,-67.49456521739125,-956.2989130434783,-20.464673913043043
15:27:28.026,116,98.09,14.74,0.84,581,-812,-4227,-33.494565217391255,-889.2989130434783,-62.46467391304304
15:27:28.098,114,98.04,14.68,0.75,600,-760,-4261,-14.494565217391255,-837.2989130434783,-96.46467391304304
15:27:28.273,115,96.16,11.4,-2.7,650,-1044,-4314,35.505434782608745,-1121.2989130434783,-149.46467391304304
15:27:28.344,116,96.1,11.31,-2.79,684,-1127,-4357,69.50543478260875,-1204.2989130434783,-192.46467391304304
15:27:28.448,112,96.04,11.19,-2.86,711,-1168,-4418,96.50543478260875,-1245.2989130434783,-253.46467391304304
15:27:28.550,111,96.0,11.06,-2.9,707,-1126,-4377,92.50543478260875,-1203.2989130434783,-212.46467391304304
15:27:28.627,113,95.97,10.97,-2.97,660,-1103,-4336,45.505434782608745,-1180.2989130434783,-171.46467391304304
15:27:28.840,112,90.33,8.3,-5.53,844,-1084,-4388,229.50543478260875,-1161.2989130434783,-223.46467391304304
15:27:28.911,107,90.12,8.25,-5.57,849,-1063,-4385,234.50543478260875,-1140.2989130434783,-220.46467391304304
15:27:29.022,111,89.91,8.22,-5.63,873,-1091,-4430,258.50543478260875,-1168.2989130434783,-265.46467391304304
15:27:29.091,111,89.71,8.17,-5.68,887,-1124,-4493,272.50543478260875,-1201.2989130434783,-328.46467391304304
15:27:29.199,107,89.53,8.12,-5.7,892,-1133,-4531,277.50543478260875,-1210.2989130434783,-366.46467391304304
15:27:29.340,106,81.98,8.02,-8.68,748,-1008,-4341,133.50543478260875,-1085.2989130434783,-176.46467391304304
15:27:29.441,104,81.72,8.05,-8.73,749,-1063,-4316,134.50543478260875,-1140.2989130434783,-151.46467391304304
15:27:29.549,102,81.49,8.08,-8.76,735,-1112,-4273,120.50543478260875,-1189.2989130434783,-108.46467391304304
15:27:29.618,104,81.27,8.11,-8.81,726,-1087,-4188,111.50543478260875,-1164.2989130434783,-23.464673913043043
15:27:29.760,104,73.6,7.98,-10.48,799,-960,-4319,184.50543478260875,-1037.2989130434783,-154.46467391304304
15:27:29.866,104,73.3,7.97,-10.53,812,-977,-4343,197.50543478260875,-1054.2989130434783,-178.46467391304304
15:27:29.936,102,73.01,7.95,-10.58,831,-932,-4357,216.50543478260875,-1009.2989130434783,-192.46467391304304
15:27:30.043,104,72.74,7.98,-10.62,840,-846,-4321,225.50543478260875,-923.2989130434783,-156.46467391304304
15:27:30.151,99,72.45,8.02,-10.68,850,-783,-4284,235.50543478260875,-860.2989130434783,-119.46467391304304
15:27:30.291,101,64.34,10.07,-12.8,713,-657,-4256,98.50543478260875,-734.2989130434783,-91.46467391304304
15:27:30.364,95,64.14,10.2,-12.91,737,-695,-4243,122.50543478260875,-772.2989130434783,-78.46467391304304
15:27:30.470,98,63.95,10.33,-13.01,743,-785,-4242,128.50543478260875,-862.2989130434783,-77.46467391304304
15:27:30.575,97,63.77,10.41,-13.09,744,-869,-4266,129.50543478260875,-946.2989130434783,-101.46467391304304
15:27:30.643,95,63.6,10.47,-13.14,771,-885,-4352,156.50543478260875,-962.2989130434783,-187.46467391304304
15:27:30.857,94,60.99,12.07,-14.55,723,-710,-4245,108.50543478260875,-787.2989130434783,-80.46467391304304
15:27:30.960,96,61.03,12.17,-14.58,757,-761,-4258,142.50543478260875,-838.2989130434783,-93.46467391304304
15:27:31.032,93,61.05,12.2,-14.59,711,-861,-4270,96.50543478260875,-938.2989130434783,-105.46467391304304
15:27:31.141,93,61.02,12.1,-14.61,663,-946,-4339,48.505434782608745,-1023.2989130434783,-174.46467391304304
15:27:31.216,89,60.99,11.95,-14.64,697,-935,-4421,82.50543478260875,-1012.2989130434783,-256.46467391304304
15:27:31.358,93,62.59,14.63,-14.81,630,-806,-4187,15.505434782608745,-883.2989130434783,-22.464673913043043
15:27:31.467,93,62.72,14.7,-14.82,636,-811,-4162,21.505434782608745,-888.2989130434783,2.5353260869569567
15:27:31.574,93,62.85,14.79,-14.82,683,-778,-4171,68.50543478260875,-855.2989130434783,-6.464673913043043
15:27:31.643,90,62.98,14.92,-14.82,697,-750,-4180,82.50543478260875,-827.2989130434783,-15.464673913043043
15:27:31.778,94,66.67,17.5,-15.46,565,-637,-4197,-49.494565217391255,-714.2989130434783,-32.46467391304304
15:27:31.884,97,66.85,17.63,-15.44,550,-594,-4092,-64.49456521739125,-671.2989130434783,72.53532608695696
15:27:31.992,95,67.03,17.79,-15.44,541,-568,-4021,-73.49456521739125,-645.2989130434783,143.53532608695696
15:27:32.063,99,67.18,17.92,-15.48,524,-603,-3971,-90.49456521739125,-680.2989130434783,193.53532608695696
15:27:32.170,93,67.3,18.0,-15.55,520,-624,-3967,-94.49456521739125,-701.2989130434783,197.53532608695696
15:27:32.311,90,72.56,21.07,-15.67,644,-448,-4100,29.505434782608745,-525.2989130434783,64.53532608695696
15:27:32.421,94,72.72,21.17,-15.65,603,-472,-4080,-11.494565217391255,-549.2989130434783,84.53532608695696
15:27:32.490,98,72.86,21.26,-15.66,591,-483,-4073,-23.494565217391255,-560.2989130434783,91.53532608695696
15:27:32.592,99,73.02,21.35,-15.66,595,-498,-4069,-19.494565217391255,-575.2989130434783,95.53532608695696
15:27:32.703,101,73.17,21.45,-15.65,580,-532,-4061,-34.494565217391255,-609.2989130434783,103.53532608695696
15:27:32.844,101,79.34,23.91,-15.75,550,-792,-4446,-64.49456521739125,-869.2989130434783,-281.46467391304304
15:27:32.917,99,79.62,23.95,-15.71,561,-757,-4444,-53.494565217391255,-834.2989130434783,-279.46467391304304
15:27:33.020,100,79.9,24.01,-15.65,550,-749,-4398,-64.49456521739125,-826.2989130434783,-233.46467391304304
15:27:33.124,103,80.19,24.08,-15.59,526,-744,-4322,-88.49456521739125,-821.2989130434783,-157.46467391304304
15:27:33.267,101,87.26,26.07,-14.49,402,-663,-4022,-212.49456521739125,-740.2989130434783,142.53532608695696
15:27:33.339,102,87.5,26.14,-14.47,436,-680,-4075,-178.49456521739125,-757.2989130434783,89.53532608695696
15:27:33.443,103,87.75,26.2,-14.43,434,-721,-4120,-180.49456521739125,-798.2989130434783,44.53532608695696
15:27:33.516,105,87.99,26.25,-14.39,439,-732,-4143,-175.49456521739125,-809.2989130434783,21.535326086956957
15:27:33.618,110,88.24,26.32,-14.34,448,-738,-4142,-166.49456521739125,-815.2989130434783,22.535326086956957
15:27:33.767,108,95.4,28.65,-13.33,491,-793,-4164,-123.49456521739125,-870.2989130434783,0.5353260869569567
15:27:33.872,110,95.65,28.69,-13.29,516,-796,-4210,-98.49456521739125,-873.2989130434783,-45.46467391304304
15:27:33.942,113,95.92,28.74,-13.22,533,-790,-4213,-81.49456521739125,-867.2989130434783,-48.46467391304304
15:27:34.044,108,96.19,28.8,-13.16,529,-796,-4157,-85.49456521739125,-873.2989130434783,7.535326086956957
15:27:34.149,109,96.45,28.85,-13.11,514,-805,-4103,-100.49456521739125,-882.2989130434783,61.53532608695696
15:27:34.292,110,104.93,30.07,-10.98,427,-722,-4031,-187.49456521739125,-799.2989130434783,133.53532608695696
15:27:34.394,110,105.21,30.13,-10.9,417,-715,-4014,-197.49456521739125,-792.2989130434783,150.53532608695696
15:27:34.461,108,105.47,30.19,-10.82,432,-691,-4012,-182.49456521739125,-768.2989130434783,152.53532608695696
15:27:34.566,110,105.74,30.23,-10.75,426,-674,-4003,-188.49456521739125,-751.2989130434783,161.53532608695696
15:27:34.673,110,105.99,30.28,-10.69,425,-646,-4008,-189.49456521739125,-723.2989130434783,156.53532608695696
15:27:34.817,110,113.78,31.51,-7.83,674,-598,-4072,59.505434782608745,-675.2989130434783,92.53532608695696
15:27:34.885,108,114.0,31.56,-7.76,682,-589,-4097,67.50543478260875,-666.2989130434783,67.53532608695696
15:27:34.985,104,114.24,31.58,-7.69,688,-537,-4152,73.50543478260875,-614.2989130434783,12.535326086956957
15:27:35.093,107,114.45,31.61,-7.6,695,-528,-4200,80.50543478260875,-605.2989130434783,-35.46467391304304
15:27:35.165,107,114.67,31.63,-7.49,689,-574,-4221,74.50543478260875,-651.2989130434783,-56.46467391304304
15:27:35.341,107,123.75,32.9,-3.67,688,-521,-4049,73.50543478260875,-598.2989130434783,115.53532608695696
15:27:35.412,110,124.07,32.9,-3.58,696,-527,-4066,81.50543478260875,-604.2989130434783,98.53532608695696
15:27:35.525,105,124.4,32.91,-3.49,726,-486,-4119,111.50543478260875,-563.2989130434783,45.53532608695696
15:27:35.600,101,124.74,32.93,-3.36,750,-467,-4161,135.50543478260875,-544.2989130434783,3.5353260869569567
15:27:35.704,101,125.07,32.94,-3.22,738,-470,-4152,123.50543478260875,-547.2989130434783,12.535326086956957
15:27:35.847,98,135.98,31.0,-0.17,627,-415,-4037,12.505434782608745,-492.29891304347825,127.53532608695696
15:27:35.917,90,136.23,30.88,-0.18,603,-328,-4051,-11.494565217391255,-405.29891304347825,113.53532608695696
15:27:36.024,87,136.49,30.8,-0.16,634,-331,-4102,19.505434782608745,-408.29891304347825,62.53532608695696
15:27:36.131,87,136.76,30.68,-0.13,685,-376,-4131,70.50543478260875,-453.29891304347825,33.53532608695696
15:27:36.203,82,137.02,30.52,-0.11,735,-418,-4145,120.50543478260875,-495.29891304347825,19.535326086956957
15:27:36.344,76,145.05,26.88,0.67,880,-487,-4243,265.50543478260875,-564.2989130434783,-78.46467391304304
15:27:36.449,73,145.24,26.78,0.71,906,-489,-4231,291.50543478260875,-566.2989130434783,-66.46467391304304
15:27:36.557,74,145.43,26.68,0.74,945,-537,-4190,330.50543478260875,-614.2989130434783,-25.464673913043043
15:27:36.627,73,145.62,26.56,0.76,993,-609,-4152,378.50543478260875,-686.2989130434783,12.535326086956957
15:27:36.798,72,148.6,23.47,-0.26,1084,-444,-4362,469.50543478260875,-521.2989130434783,-197.46467391304304
15:27:36.868,73,148.7,23.44,-0.3,1095,-515,-4354,480.50543478260875,-592.2989130434783,-189.46467391304304
15:27:36.975,78,148.83,23.37,-0.35,1122,-561,-4349,507.50543478260875,-638.2989130434783,-184.46467391304304
15:27:37.076,74,148.93,23.29,-0.4,1110,-616,-4282,495.50543478260875,-693.2989130434783,-117.46467391304304
15:27:37.145,76,149.04,23.19,-0.48,1065,-662,-4221,450.50543478260875,-739.2989130434783,-56.46467391304304
15:27:37.289,79,150.29,22.03,-4.14,988,-438,-4260,373.50543478260875,-515.2989130434783,-95.46467391304304
15:27:37.394,75,150.25,21.98,-4.22,1052,-492,-4292,437.50543478260875,-569.2989130434783,-127.46467391304304
15:27:37.496,75,150.24,21.87,-4.29,1110,-516,-4341,495.50543478260875,-593.2989130434783,-176.46467391304304
15:27:37.567,71,150.24,21.74,-4.36,1099,-490,-4380,484.50543478260875,-567.2989130434783,-215.46467391304304
15:27:37.673,69,150.24,21.65,-4.4,1044,-402,-4376,429.50543478260875,-479.29891304347825,-211.46467391304304
15:27:37.817,67,148.18,18.69,-7.06,1135,-158,-4220,520.5054347826087,-235.29891304347825,-55.46467391304304
15:27:37.919,65,148.02,18.6,-7.2,1129,-98,-4227,514.5054347826087,-175.29891304347825,-62.46467391304304
15:27:37.992,65,147.83,18.54,-7.34,1118,-29,-4271,503.50543478260875,-106.29891304347827,-106.46467391304304
15:27:38.092,65,147.62,18.47,-7.46,1124,41,-4362,509.50543478260875,-36.298913043478265,-197.46467391304304
15:27:38.195,63,147.39,18.38,-7.53,1120,84,-4396,505.50543478260875,6.701086956521735,-231.46467391304304
15:27:38.338,65,138.93,17.9,-10.0,1222,-105,-4200,607.5054347826087,-182.29891304347825,-35.46467391304304
15:27:38.409,64,138.58,17.87,-10.15,1263,-106,-4235,648.5054347826087,-183.29891304347825,-70.46467391304304
15:27:38.517,67,138.23,17.81,-10.3,1307,-82,-4312,692.5054347826087,-159.29891304347825,-147.46467391304304
15:27:38.627,64,137.86,17.71,-10.41,1344,-96,-4321,729.5054347826087,-173.29891304347825,-156.46467391304304
15:27:38.700,67,137.5,17.6,-10.5,1315,-148,-4257,700.5054347826087,-225.29891304347825,-92.46467391304304
15:27:38.915,67,125.38,17.16,-13.81,1091,317,-4280,476.50543478260875,239.70108695652175,-115.46467391304304
15:27:38.983,67,125.06,17.23,-13.85,1129,292,-4323,514.5054347826087,214.70108695652175,-158.46467391304304
15:27:39.091,69,124.74,17.29,-13.91,1141,256,-4326,526.5054347826087,178.70108695652175,-161.46467391304304
15:27:39.199,70,124.42,17.35,-13.99,1135,278,-4371,520.5054347826087,200.70108695652175,-206.46467391304304
15:27:39.267,74,124.11,17.42,-14.05,1143,331,-4416,528.5054347826087,253.70108695652175,-251.46467391304304
15:27:39.409,77,116.77,18.99,-16.69,1050,105,-4236,435.50543478260875,27.701086956521735,-71.46467391304304
15:27:39.518,80,116.68,19.04,-16.81,1005,117,-4198,390.50543478260875,39.701086956521735,-33.46467391304304
15:27:39.626,77,116.58,19.08,-16.94,995,127,-4243,380.50543478260875,49.701086956521735,-78.46467391304304
15:27:39.701,77,116.46,19.07,-17.05,1002,94,-4340,387.50543478260875,16.701086956521735,-175.46467391304304
15:27:39.841,75,115.31,19.17,-19.36,952,132,-4031,337.50543478260875,54.701086956521735,133.53532608695696
15:27:39.948,75,115.24,19.16,-19.47,956,79,-4097,341.50543478260875,1.7010869565217348,67.53532608695696
15:27:40.022,75,115.17,19.13,-19.57,980,51,-4218,365.50543478260875,-26.298913043478265,-53.46467391304304
15:27:40.135,75,115.14,19.11,-19.64,1030,17,-4288,415.50543478260875,-60.298913043478265,-123.46467391304304
15:27:40.206,78,115.13,19.11,-19.69,1046,-12,-4279,431.50543478260875,-89.29891304347827,-114.46467391304304
15:27:40.346,77,118.11,21.76,-19.6,920,-70,-4082,305.50543478260875,-147.29891304347825,82.53532608695696
15:27:40.452,82,118.26,21.8,-19.6,881,6,-4037,266.50543478260875,-71.29891304347827,127.53532608695696
15:27:40.554,84,118.39,21.89,-19.6,889,21,-4000,274.50543478260875,-56.298913043478265,164.53532608695696
15:27:40.626,82,118.52,21.97,-19.6,903,4,-4002,288.50543478260875,-73.29891304347827,162.53532608695696
15:27:40.735,82,118.65,22.01,-19.61,934,-9,-4037,319.50543478260875,-86.29891304347827,127.53532608695696
15:27:40.940,89,124.68,24.86,-19.42,1007,-6,-4056,392.50543478260875,-83.29891304347827,108.53532608695696
15:27:41.009,87,124.89,24.94,-19.41,992,29,-4140,377.50543478260875,-48.298913043478265,24.535326086956957
15:27:41.110,89,125.09,25.04,-19.38,980,6,-4136,365.50543478260875,-71.29891304347827,28.535326086956957
15:27:41.216,88,125.3,25.15,-19.37,975,-31,-4113,360.50543478260875,-108.29891304347827,51.53532608695696
15:27:41.288,94,125.53,25.24,-19.36,961,-42,-4136,346.50543478260875,-119.29891304347827,28.535326086956957
15:27:41.464,95,132.85,27.81,-18.5,998,-253,-4022,383.50543478260875,-330.29891304347825,142.53532608695696
15:27:41.535,98,133.16,27.88,-18.48,1007,-270,-4048,392.50543478260875,-347.29891304347825,116.53532608695696
15:27:41.636,96,133.51,27.95,-18.47,1019,-230,-4149,404.50543478260875,-307.29891304347825,15.535326086956957
15:27:41.740,99,133.84,28.05,-18.4,990,-152,-4185,375.50543478260875,-229.29891304347825,-20.464673913043043
15:27:41.889,104,142.24,30.9,-16.88,868,-140,-3928,253.50543478260875,-217.29891304347825,236.53532608695696
15:27:41.962,101,142.49,30.96,-16.9,888,-165,-3971,273.50543478260875,-242.29891304347825,193.53532608695696
15:27:42.067,105,142.76,31.03,-16.91,900,-138,-4029,285.50543478260875,-215.29891304347825,135.53532608695696
15:27:42.140,106,143.03,31.1,-16.9,900,-126,-4044,285.50543478260875,-203.29891304347825,120.53532608695696
15:27:42.250,106,143.3,31.15,-16.88,892,-142,-4032,277.50543478260875,-219.29891304347825,132.53532608695696
15:27:42.392,103,152.47,33.2,-16.44,862,-175,-3976,247.50543478260875,-252.29891304347825,188.53532608695696
15:27:42.495,104,152.77,33.28,-16.41,879,-191,-3986,264.50543478260875,-268.29891304347825,178.53532608695696
15:27:42.562,106,153.07,33.34,-16.37,880,-196,-3983,265.50543478260875,-273.29891304347825,181.53532608695696
15:27:42.668,106,153.37,33.38,-16.35,929,-233,-3965,314.50543478260875,-310.29891304347825,199.53532608695696
15:27:42.771,105,153.7,33.42,-16.32,965,-269,-3974,350.50543478260875,-346.29891304347825,190.53532608695696
15:27:42.913,108,164.21,35.23,-14.13,917,-230,-4037,302.50543478260875,-307.29891304347825,127.53532608695696
15:27:42.984,111,164.5,35.23,-14.09,920,-189,-4088,305.50543478260875,-266.29891304347825,76.53532608695696
15:27:43.089,106,164.79,35.23,-14.03,940,-186,-4117,325.50543478260875,-263.29891304347825,47.53532608695696
15:27:43.196,109,165.09,35.24,-13.95,961,-203,-4107,346.50543478260875,-280.29891304347825,57.53532608695696
15:27:43.296,106,165.4,35.26,-13.88,986,-219,-4072,371.50543478260875,-296.29891304347825,92.53532608695696
15:27:43.439,112,174.55,35.13,-11.24,1099,7,-4051,484.50543478260875,-70.29891304347827,113.53532608695696
15:27:43.509,112,174.88,35.12,-11.15,1062,23,-4007,447.50543478260875,-54.298913043478265,157.53532608695696
15:27:43.612,111,175.17,35.07,-11.09,1026,46,-4024,411.50543478260875,-31.298913043478265,140.53532608695696
15:27:43.684,116,175.4,34.98,-11.04,982,63,-4068,367.50543478260875,-14.298913043478265,96.53532608695696
15:27:43.790,111,175.65,34.9,-11.0,945,87,-4124,330.50543478260875,9.701086956521735,40.53532608695696
15:27:44.002,104,-174.92,32.76,-9.72,1163,-19,-4111,548.5054347826087,-96.29891304347827,53.53532608695696
15:27:44.104,98,-174.72,32.66,-9.75,1148,27,-4164,533.5054347826087,-50.298913043478265,0.5353260869569567
15:27:44.178,98,-174.55,32.51,-9.76,1173,49,-4218,558.5054347826087,-28.298913043478265,-53.46467391304304
15:27:44.285,89,-174.41,32.34,-9.79,1167,67,-4271,552.5054347826087,-10.298913043478265,-106.46467391304304
15:27:44.352,90,-174.25,32.19,-9.79,1209,65,-4284,594.5054347826087,-12.298913043478265,-119.46467391304304
15:27:44.524,86,-169.12,27.91,-9.65,1149,131,-4232,534.5054347826087,53.701086956521735,-67.46467391304304
15:27:44.596,87,-168.89,27.87,-9.62,1055,98,-4117,440.50543478260875,20.701086956521735,47.53532608695696
15:27:44.701,83,-168.67,27.85,-9.63,1009,77,-4091,394.50543478260875,-0.2989130434782652,73.53532608695696
15:27:44.773,86,-168.51,27.79,-9.67,1024,92,-4082,409.50543478260875,14.701086956521735,82.53532608695696
15:27:44.948,85,-169.34,23.5,-12.63,1273,300,-4301,658.5054347826087,222.70108695652175,-136.46467391304304
15:27:45.022,85,-169.43,23.33,-12.75,1316,256,-4222,701.5054347826087,178.70108695652175,-57.46467391304304
15:27:45.127,84,-169.53,23.14,-12.89,1358,289,-4230,743.5054347826087,211.70108695652175,-65.46467391304304
15:27:45.201,85,-169.63,22.92,-13.0,1420,325,-4277,805.5054347826087,247.70108695652175,-112.46467391304304
15:27:45.308,86,-169.74,22.67,-13.09,1498,375,-4331,883.5054347826087,297.70108695652175,-166.46467391304304
15:27:45.451,83,-172.35,17.95,-15.64,1685,389,-4332,1070.5054347826087,311.70108695652175,-167.46467391304304
15:27:45.562,85,-172.41,17.8,-15.76,1607,427,-4365,992.5054347826087,349.70108695652175,-200.46467391304304
15:27:45.634,83,-172.44,17.71,-15.85,1530,477,-4440,915.5054347826087,399.70108695652175,-275.46467391304304
15:27:45.741,82,-172.45,17.65,-15.89,1488,534,-4525,873.5054347826087,456.70108695652175,-360.46467391304304
15:27:45.812,82,-172.46,17.6,-15.89,1467,542,-4528,852.5054347826087,464.70108695652175,-363.46467391304304
15:27:45.988,79,-176.5,14.27,-17.9,1326,662,-4375,711.5054347826087,584.7010869565217,-210.46467391304304
15:27:46.055,78,-176.74,14.13,-17.95,1351,671,-4392,736.5054347826087,593.7010869565217,-227.46467391304304
15:27:46.157,75,-176.97,13.99,-17.99,1337,669,-4386,722.5054347826087,591.7010869565217,-221.46467391304304
15:27:46.261,75,-177.2,13.87,-18.02,1314,679,-4374,699.5054347826087,601.7010869565217,-209.46467391304304
15:27:46.330,74,-177.45,13.74,-18.06,1306,643,-4268,691.5054347826087,565.7010869565217,-103.46467391304304
15:27:46.508,76,172.51,11.54,-19.3,1137,768,-4455,522.5054347826087,690.7010869565217,-290.46467391304304
15:27:46.575,70,172.14,11.5,-19.35,1148,750,-4491,533.5054347826087,672.7010869565217,-326.46467391304304
15:27:46.685,70,171.76,11.44,-19.39,1183,746,-4472,568.5054347826087,668.7010869565217,-307.46467391304304
15:27:46.752,66,171.37,11.36,-19.45,1213,705,-4383,598.5054347826087,627.7010869565217,-218.46467391304304
15:27:46.856,66,171.01,11.3,-19.53,1176,707,-4356,561.5054347826087,629.7010869565217,-191.46467391304304
15:27:47.065,69,160.33,10.98,-21.32,829,753,-4223,214.50543478260875,675.7010869565217,-58.46467391304304
15:27:47.136,68,160.03,10.99,-21.42,777,779,-4196,162.50543478260875,701.7010869565217,-31.464673913043043
15:27:47.243,71,159.7,11.0,-21.54,750,813,-4201,135.50543478260875,735.7010869565217,-36.46467391304304
15:27:47.348,69,159.34,10.99,-21.63,767,832,-4234,152.50543478260875,754.7010869565217,-69.46467391304304
15:27:47.419,67,158.98,10.99,-21.72,831,821,-4280,216.50543478260875,743.7010869565217,-115.46467391304304
15:27:47.589,67,152.55,11.1,-23.6,766,890,-4279,151.50543478260875,812.7010869565217,-114.46467391304304
15:27:47.657,71,152.37,11.09,-23.68,814,860,-4250,199.50543478260875,782.7010869565217,-85.46467391304304
15:27:47.764,62,152.24,11.1,-23.75,906,825,-4247,291.50543478260875,747.7010869565217,-82.46467391304304
15:27:47.868,64,152.16,11.13,-23.85,952,799,-4281,337.50543478260875,721.7010869565217,-116.46467391304304
15:27:48.009,67,152.48,13.34,-24.83,950,799,-4339,335.50543478260875,721.7010869565217,-174.46467391304304
15:27:48.081,70,152.58,13.45,-24.87,953,773,-4409,338.50543478260875,695.7010869565217,-244.46467391304304
15:27:48.186,72,152.73,13.59,-24.88,934,781,-4467,319.50543478260875,703.7010869565217,-302.46467391304304
15:27:48.287,72,152.88,13.75,-24.85,858,817,-4417,243.50543478260875,739.7010869565217,-252.46467391304304
15:27:48.359,70,153.02,13.9,-24.83,787,835,-4351,172.50543478260875,757.7010869565217,-186.46467391304304
15:27:48.504,81,158.65,18.25,-24.21,841,599,-3912,226.50543478260875,521.7010869565217,252.53532608695696
15:27:48.611,76,158.93,18.42,-24.2,836,617,-3956,221.50543478260875,539.7010869565217,208.53532608695696
15:27:48.712,80,159.22,18.65,-24.18,868,624,-3986,253.50543478260875,546.7010869565217,178.53532608695696
15:27:48.779,81,159.51,18.84,-24.17,922,588,-4008,307.50543478260875,510.70108695652175,156.53532608695696
15:27:48.885,84,159.79,18.96,-24.2,924,558,-4057,309.50543478260875,480.70108695652175,107.53532608695696
15:27:49.069,82,170.51,24.2,-22.65,700,739,-4219,85.50543478260875,661.7010869565217,-54.46467391304304
15:27:49.170,85,170.87,24.44,-22.53,697,718,-4166,82.50543478260875,640.7010869565217,-1.4646739130430433
15:27:49.276,86,171.19,24.61,-22.44,697,681,-4114,82.50543478260875,603.7010869565217,50.53532608695696
15:27:49.347,90,171.47,24.71,-22.41,699,655,-4085,84.50543478260875,577.7010869565217,79.53532608695696
15:27:49.452,88,171.75,24.8,-22.39,676,648,-4106,61.505434782608745,570.7010869565217,58.53532608695696
15:27:49.593,94,-177.92,28.98,-20.79,961,433,-4031,346.50543478260875,355.70108695652175,133.53532608695696
15:27:49.702,98,-177.56,29.08,-20.74,984,439,-4039,369.50543478260875,361.70108695652175,125.53532608695696
15:27:49.773,97,-177.16,29.22,-20.69,1008,446,-4058,393.50543478260875,368.70108695652175,106.53532608695696
15:27:49.877,97,-176.76,29.34,-20.64,1007,462,-4081,392.50543478260875,384.70108695652175,83.53532608695696
15:27:50.019,100,-167.67,31.78,-18.98,798,477,-4003,183.50543478260875,399.70108695652175,161.53532608695696
15:27:50.122,98,-167.32,31.9,-18.85,820,447,-3953,205.50543478260875,369.70108695652175,211.53532608695696
15:27:50.227,96,-166.97,32.02,-18.74,812,419,-3931,197.50543478260875,341.70108695652175,233.53532608695696
15:27:50.299,102,-166.59,32.17,-18.64,691,426,-3948,76.50543478260875,348.70108695652175,216.53532608695696
15:27:50.406,96,-166.24,32.34,-18.51,666,435,-3991,51.505434782608745,357.70108695652175,173.53532608695696
15:27:50.545,100,-155.83,35.19,-14.01,797,573,-3952,182.50543478260875,495.70108695652175,212.53532608695696
15:27:50.653,103,-155.44,35.31,-13.91,781,577,-3969,166.50543478260875,499.70108695652175,195.53532608695696
15:27:50.720,101,-155.06,35.41,-13.79,798,580,-4000,183.50543478260875,502.70108695652175,164.53532608695696
15:27:50.822,103,-154.71,35.46,-13.69,800,587,-3998,185.50543478260875,509.70108695652175,166.53532608695696
15:27:50.923,103,-154.39,35.47,-13.6,771,597,-3994,156.50543478260875,519.7010869565217,170.53532608695696
15:27:51.064,101,-144.92,36.12,-10.19,842,646,-4091,227.50543478260875,568.7010869565217,73.53532608695696
15:27:51.164,98,-144.69,36.0,-10.12,852,665,-4104,237.50543478260875,587.7010869565217,60.53532608695696
15:27:51.236,93,-144.47,35.88,-10.07,756,671,-4102,141.50543478260875,593.7010869565217,62.53532608695696
15:27:51.344,91,-144.23,35.79,-10.0,671,687,-4133,56.505434782608745,609.7010869565217,31.535326086956957
15:27:51.419,91,-144.01,35.71,-9.91,636,678,-4125,21.505434782608745,600.7010869565217,39.53532608695696
15:27:51.591,95,-139.31,33.06,-9.29,788,732,-4068,173.50543478260875,654.7010869565217,96.53532608695696
15:27:51.664,92,-139.24,32.95,-9.32,883,755,-4048,268.50543478260875,677.7010869565217,116.53532608695696
15:27:51.770,88,-139.21,32.79,-9.38,988,775,-4055,373.50543478260875,697.7010869565217,109.53532608695696
15:27:51.843,86,-139.16,32.63,-9.47,954,774,-4110,339.50543478260875,696.7010869565217,54.53532608695696
15:27:51.948,85,-139.06,32.52,-9.52,842,772,-4164,227.50543478260875,694.7010869565217,0.5353260869569567
15:27:52.091,84,-137.1,28.92,-10.94,807,792,-4200,192.50543478260875,714.7010869565217,-35.46467391304304
15:27:52.195,80,-137.05,28.8,-10.98,848,781,-4181,233.50543478260875,703.7010869565217,-16.464673913043043
15:27:52.265,81,-137.03,28.66,-11.05,917,794,-4185,302.50543478260875,716.7010869565217,-20.464673913043043
15:27:52.372,80,-137.02,28.49,-11.14,1020,821,-4196,405.50543478260875,743.7010869565217,-31.464673913043043
15:27:52.515,79,-134.32,26.21,-11.83,1035,958,-4322,420.50543478260875,880.7010869565217,-157.46467391304304
15:27:52.619,80,-134.24,26.09,-11.87,964,944,-4357,349.50543478260875,866.7010869565217,-192.46467391304304
15:27:52.725,79,-134.15,26.01,-11.88,914,906,-4341,299.50543478260875,828.7010869565217,-176.46467391304304
15:27:52.798,78,-134.03,25.97,-11.89,874,877,-4323,259.50543478260875,799.7010869565217,-158.46467391304304
15:27:52.903,82,-133.9,25.95,-11.91,870,860,-4312,255.50543478260875,782.7010869565217,-147.46467391304304
15:27:53.043,81,-133.53,23.56,-14.23,788,1109,-4349,173.50543478260875,1031.7010869565217,-184.46467391304304
15:27:53.117,79,-133.62,23.43,-14.32,842,1110,-4318,227.50543478260875,1032.7010869565217,-153.46467391304304
15:27:53.222,80,-133.7,23.31,-14.44,845,1086,-4334,230.50543478260875,1008.7010869565217,-169.46467391304304
15:27:53.324,85,-133.77,23.23,-14.58,834,1080,-4386,219.50543478260875,1002.7010869565217,-221.46467391304304
15:27:53.397,86,-133.83,23.16,-14.71,-28448,1129,-10458,-29062.494565217392,1051.7010869565217,-6293.464673913043
15:27:53.541,79,-139.69,19.25,-19.04,661,1057,-4356,46.505434782608745,979.7010869565217,-191.46467391304304
15:27:53.646,80,-139.96,19.13,-19.13,708,1029,-4234,93.50543478260875,951.7010869565217,-69.46467391304304
15:27:53.752,79,-140.22,19.02,-19.25,784,1051,-4172,169.50543478260875,973.7010869565217,-7.464673913043043
15:27:53.820,78,-140.5,18.87,-19.4,838,1089,-4179,223.50543478260875,1011.7010869565217,-14.464673913043043
15:27:53.927,72,-140.76,18.7,-19.55,850,1142,-4291,235.50543478260875,1064.7010869565217,-126.46467391304304
15:27:54.064,69,-147.27,16.07,-21.92,451,1157,-4229,-163.49456521739125,1079.7010869565217,-64.46467391304304
15:27:54.169,66,-147.57,15.95,-22.02,471,1095,-3954,-143.49456521739125,1017.7010869565217,210.53532608695696
15:27:54.272,65,-147.88,15.86,-22.22,467,1085,-3898,-147.49456521739125,1007.7010869565217,266.53532608695696
15:27:54.344,57,-148.21,15.75,-22.43,464,1125,-4037,-150.49456521739125,1047.7010869565217,127.53532608695696
15:27:54.453,58,-148.55,15.62,-22.59,453,1168,-4290,-161.49456521739125,1090.7010869565217,-125.46467391304304
15:27:54.593,56,-156.78,13.95,-22.67,97,1170,-4227,-517.4945652173913,1092.7010869565217,-62.46467391304304
15:27:54.698,56,-157.06,13.94,-22.7,146,1205,-4273,-468.49456521739125,1127.7010869565217,-108.46467391304304
15:27:54.769,59,-157.34,13.92,-22.7,161,1232,-4345,-453.49456521739125,1154.7010869565217,-180.46467391304304
15:27:54.869,57,-157.59,13.92,-22.68,183,1244,-4365,-431.49456521739125,1166.7010869565217,-200.46467391304304
15:27:54.970,55,-157.83,13.9,-22.64,197,1243,-4284,-417.49456521739125,1165.7010869565217,-119.46467391304304
15:27:55.111,51,-167.11,13.0,-24.2,193,1246,-4372,-421.49456521739125,1168.7010869565217,-207.46467391304304
15:27:55.219,54,-167.34,12.99,-24.25,84,1205,-4267,-530.4945652173913,1127.7010869565217,-102.46467391304304
15:27:55.286,55,-167.62,12.94,-24.35,42,1182,-4193,-572.4945652173913,1104.7010869565217,-28.464673913043043
15:27:55.389,55,-167.93,12.85,-24.45,40,1195,-4173,-574.4945652173913,1117.7010869565217,-8.464673913043043
15:27:55.499,53,-168.24,12.75,-24.55,61,1227,-4219,-553.4945652173913,1149.7010869565217,-54.46467391304304
15:27:55.643,58,-172.8,12.81,-24.82,598,1301,-4236,-16.494565217391255,1223.7010869565217,-71.46467391304304
15:27:55.715,54,-172.83,12.86,-24.87,609,1266,-4166,-5.494565217391255,1188.7010869565217,-1.4646739130430433
15:27:55.819,58,-172.88,12.88,-24.96,609,1293,-4230,-5.494565217391255,1215.7010869565217,-65.46467391304304
15:27:55.893,59,-172.91,12.91,-25.03,577,1341,-4346,-37.494565217391255,1263.7010869565217,-181.46467391304304
15:27:55.993,61,-172.86,13.01,-25.04,503,1372,-4444,-111.49456521739125,1294.7010869565217,-279.46467391304304
15:27:56.133,64,-170.88,15.92,-24.7,202,1191,-4273,-412.49456521739125,1113.7010869565217,-108.46467391304304
15:27:56.236,69,-170.77,16.01,-24.61,219,1186,-4239,-395.49456521739125,1108.7010869565217,-74.46467391304304
15:27:56.341,69,-170.64,16.14,-24.53,202,1171,-4102,-412.49456521739125,1093.7010869565217,62.53532608695696
15:27:56.413,71,-170.52,16.29,-24.52,194,1130,-3903,-420.49456521739125,1052.7010869565217,261.53532608695696
15:27:56.517,71,-170.4,16.47,-24.6,154,1098,-3824,-460.49456521739125,1020.7010869565217,340.53532608695696
15:27:56.693,75,-163.55,21.18,-23.02,-6,1131,-4021,-620.4945652173913,1053.7010869565217,143.53532608695696
15:27:56.798,80,-163.33,21.3,-23.0,-61,1144,-4110,-675.4945652173913,1066.7010869565217,54.53532608695696
15:27:56.911,81,-163.09,21.45,-22.93,-42,1163,-4201,-656.4945652173913,1085.7010869565217,-36.46467391304304
15:27:56.981,85,-162.82,21.64,-22.83,-49,1156,-4215,-663.4945652173913,1078.7010869565217,-50.46467391304304
15:27:57.086,87,-162.54,21.85,-22.71,-34,1163,-4161,-648.4945652173913,1085.7010869565217,3.5353260869569567
15:27:57.220,88,-153.36,27.06,-20.91,272,1017,-4166,-342.49456521739125,939.7010869565217,-1.4646739130430433
15:27:57.326,96,-153.03,27.15,-20.87,254,1021,-4162,-360.49456521739125,943.7010869565217,2.5353260869569567
15:27:57.432,97,-152.65,27.29,-20.78,276,1006,-4129,-338.49456521739125,928.7010869565217,35.53532608695696
15:27:57.501,100,-152.26,27.42,-20.71,279,960,-4052,-335.49456521739125,882.7010869565217,112.53532608695696
15:27:57.643,105,-142.73,32.17,-18.27,386,1022,-3990,-228.49456521739125,944.7010869565217,174.53532608695696
15:27:57.748,101,-142.37,32.32,-18.13,540,1021,-3937,-74.49456521739125,943.7010869565217,227.53532608695696
15:27:57.856,105,-137.47,34.47,-38.87,8265,-9119,-3824,7650.505434782609,-9196.298913043478,340.53532608695696
15:27:57.927,104,-26.4,-38.64,15.88,13185,31606,3056,12570.505434782608,31528.70108695652,7220.535326086957
15:27:58.064,102,-132.12,34.52,-14.38,438,931,-4045,-176.49456521739125,853.7010869565217,119.53532608695696
15:27:58.170,108,-131.68,34.67,-14.24,497,948,-4052,-117.49456521739125,870.7010869565217,112.53532608695696
15:27:58.271,108,-131.29,34.75,-14.1,520,999,-4105,-94.49456521739125,921.7010869565217,59.53532608695696
15:27:58.372,107,-130.94,34.75,-13.98,512,1017,-4135,-102.49456521739125,939.7010869565217,29.535326086956957
15:27:58.444,105,-130.6,34.71,-13.85,499,1000,-4164,-115.49456521739125,922.7010869565217,0.5353260869569567
15:27:58.586,109,-120.15,34.99,-10.2,480,961,-4133,-134.49456521739125,883.7010869565217,31.535326086956957
15:27:58.691,112,-119.8,35.0,-10.12,480,978,-4149,-134.49456521739125,900.7010869565217,15.535326086956957
15:27:58.798,110,-119.44,35.02,-10.0,479,989,-4155,-135.49456521739125,911.7010869565217,9.535326086956957
15:27:58.865,106,-119.1,35.01,-9.88,456,949,-4134,-158.49456521739125,871.7010869565217,30.535326086956957
15:27:59.004,98,-111.51,32.84,-7.29,333,1316,-4400,-281.49456521739125,1238.7010869565217,-235.46467391304304
15:27:59.110,94,-111.25,32.61,-7.19,319,1321,-4419,-295.49456521739125,1243.7010869565217,-254.46467391304304
15:27:59.210,91,-110.96,32.42,-7.06,273,1260,-4394,-341.49456521739125,1182.7010869565217,-229.46467391304304
15:27:59.314,89,-110.64,32.27,-6.91,257,1191,-4360,-357.49456521739125,1113.7010869565217,-195.46467391304304
15:27:59.382,84,-110.35,32.11,-6.76,251,1154,-4330,-363.49456521739125,1076.7010869565217,-165.46467391304304
