time,distance,yaw,pitch,roll,accel_x,accel_y,accel_z
1552558158.4523258,233.0,-3.06,3.15,-3.78,-15.0,146.0,-4388.0
1552558158.542529,230.0,-3.05,3.16,-3.83,-38.0,398.0,-8762.0
1552558158.632597,234.0,-3.06,3.13,-3.9,-36.0,610.0,-11581.0
1552558158.722633,237.0,-3.74,0.0,0.0,155.0,-1466.0,-14116.0
1552558158.817299,237.0,51.71,79.18,10.05,-28236.0,-14722.0,15470.0
1552558158.9192672,235.0,-3.07,2.88,-6.96,-15.0,1408.0,-16204.0
1552558159.0093381,239.0,-3.08,2.87,-7.06,-5.0,1429.0,-16239.0
1552558159.099487,236.0,-3.08,2.87,-7.18,0.0,1438.0,-16263.0
1552558159.185502,236.0,-3.08,2.87,-7.29,-6.0,1436.0,-16317.0
1552558159.275581,239.0,-3.1,2.84,-7.4,-9.0,1454.0,-16297.0
1552558159.390263,236.0,-2.96,1.94,-11.21,-129.0,2164.0,-16289.0
1552558159.484704,237.0,-2.93,1.86,-11.38,-152.0,2163.0,-16274.0
1552558159.578615,241.0,-2.89,1.76,-11.55,-189.0,2130.0,-16223.0
1552558159.668726,239.0,-2.86,1.66,-11.67,-230.0,2098.0,-16138.0
1552558159.76298,242.0,-2.83,1.57,-11.77,-260.0,2104.0,-16026.0
1552558159.869289,241.0,-2.97,-1.05,-18.17,-765.0,3022.0,-15766.0
1552558159.96358,240.0,-3.01,-1.17,-18.44,-749.0,3152.0,-15724.0
1552558160.070027,242.0,-3.02,-1.28,-18.75,-740.0,3220.0,-15665.0
1552558160.1551611,246.0,-3.02,-1.39,-19.06,-765.0,3219.0,-15675.0
1552558160.242111,244.0,-3.01,-1.46,-19.28,-787.0,3197.0,-15715.0
1552558160.359154,244.0,-4.01,-4.76,-27.81,-1253.0,4305.0,-15143.0
1552558160.464385,243.0,-4.07,-4.93,-28.19,-1279.0,4376.0,-15120.0
1552558160.551306,245.0,-4.13,-5.11,-28.53,-1312.0,4427.0,-15057.0
1552558160.650964,247.0,-4.18,-5.28,-28.87,-1332.0,4480.0,-15000.0
1552558160.737306,248.0,-4.21,-5.41,-29.21,-1362.0,4485.0,-14922.0
1552558160.836009,243.0,-6.11,-9.97,-38.25,-1977.0,5317.0,-14080.0
1552558160.941555,245.0,-6.21,-10.13,-38.68,-1964.0,5404.0,-14006.0
1552558161.0480819,245.0,-6.32,-10.27,-39.26,-2012.0,5476.0,-14017.0
1552558161.130103,243.0,-6.45,-10.45,-39.88,-2063.0,5545.0,-13996.0
1552558161.236747,248.0,-6.57,-10.64,-40.43,-2097.0,5577.0,-13889.0
1552558161.341272,246.0,-11.04,-15.9,-54.22,-2607.0,6848.0,-11855.0
1552558161.432169,243.0,-11.22,-16.07,-54.69,-2663.0,6914.0,-11819.0
1552558161.543919,246.0,-11.4,-16.25,-55.14,-2727.0,6898.0,-11762.0
1552558161.635006,247.0,-11.62,-16.45,-55.59,-2740.0,6853.0,-11633.0
1552558161.723719,249.0,-11.85,-16.63,-56.07,-2757.0,6870.0,-11545.0
1552558161.846283,248.0,-18.41,-20.88,-66.76,-3080.0,7586.0,-8933.0
1552558161.937172,247.0,-18.63,-20.97,-66.95,-3058.0,7518.0,-8815.0
1552558162.028876,244.0,-18.84,-21.04,-67.14,-3072.0,7542.0,-8736.0
1552558162.1165109,246.0,-19.06,-21.12,-67.33,-3109.0,7604.0,-8652.0
1552558162.220371,248.0,-19.31,-21.2,-67.5,-3128.0,7618.0,-8565.0
1552558162.331975,252.0,-26.86,-22.65,-63.82,-3063.0,7330.0,-5745.0
1552558162.420737,249.0,-27.11,-22.65,-63.47,-3059.0,7295.0,-5666.0
1552558162.52403,246.0,-27.36,-22.65,-63.11,-3028.0,7252.0,-5565.0
1552558162.6126761,247.0,-27.6,-22.64,-62.75,-2997.0,7191.0,-5474.0
1552558162.710167,248.0,-27.82,-22.62,-62.42,-3000.0,7158.0,-5401.0
1552558162.842288,248.0,-34.37,-21.47,-49.65,-2687.0,6065.0,-3206.0
1552558162.920084,252.0,-34.58,-21.39,-49.18,-2687.0,5966.0,-3168.0
1552558163.012365,250.0,-34.78,-21.33,-48.73,-2654.0,5856.0,-3131.0
1552558163.1187232,248.0,-34.96,-21.26,-48.27,-2636.0,5813.0,-3062.0
1552558163.2053509,258.0,-35.15,-21.21,-47.8,-2593.0,5813.0,-2971.0
1552558163.323797,251.0,-39.35,-18.59,-35.84,-1985.0,4459.0,-1584.0
1552558163.4215171,254.0,-39.44,-18.5,-35.49,-1972.0,4428.0,-1544.0
1552558163.513506,250.0,-39.53,-18.41,-35.18,-2010.0,4398.0,-1532.0
1552558163.615309,256.0,-39.64,-18.33,-34.87,-2001.0,4330.0,-1493.0
1552558163.705079,250.0,-39.73,-18.23,-34.56,-1994.0,4279.0,-1474.0
1552558163.813615,251.0,-42.3,-15.75,-25.43,-1620.0,3278.0,-751.0
1552558163.915224,255.0,-42.37,-15.65,-25.2,-1550.0,3164.0,-817.0
1552558164.0074399,255.0,-42.42,-15.59,-24.99,-1499.0,3089.0,-835.0
1552558164.111766,255.0,-42.47,-15.53,-24.77,-1509.0,3075.0,-816.0
1552558164.204443,252.0,-42.54,-15.5,-24.5,-1557.0,3108.0,-772.0
1552558164.308199,249.0,-43.73,-13.47,-17.67,-1057.0,2275.0,-315.0
1552558164.4061,251.0,-43.76,-13.39,-17.46,-976.0,2176.0,-366.0
1552558164.5048268,249.0,-43.78,-13.33,-17.28,-932.0,2105.0,-411.0
1552558164.605427,251.0,-43.8,-13.28,-17.12,-945.0,2097.0,-418.0
1552558164.6980422,252.0,-43.81,-13.24,-16.91,-946.0,2113.0,-356.0
1552558164.805671,254.0,-44.55,-11.57,-12.39,-643.0,1447.0,-127.0
1552558164.892977,251.0,-44.57,-11.52,-12.22,-676.0,1456.0,-89.0
1552558164.9907908,256.0,-44.58,-11.47,-12.08,-744.0,1494.0,-56.0
1552558165.086853,255.0,-44.61,-11.4,-11.95,-775.0,1479.0,-44.0
1552558165.171902,252.0,-44.65,-11.33,-11.85,-757.0,1427.0,-133.0
1552558165.288566,255.0,-45.14,-10.2,-8.74,-535.0,1027.0,50.0
1552558165.367785,251.0,-45.15,-10.15,-8.66,-482.0,956.0,-5.0
1552558165.462573,252.0,-45.14,-10.12,-8.59,-454.0,926.0,-48.0
1552558165.555727,256.0,-45.12,-10.11,-8.52,-490.0,942.0,4.0
1552558165.6460319,259.0,-45.12,-10.08,-8.4,-517.0,949.0,61.0
1552558165.76159,256.0,-45.2,-9.31,-6.44,-424.0,595.0,-56.0
1552558165.843381,252.0,-45.2,-9.32,-6.33,-446.0,631.0,30.0
1552558165.9229262,257.0,-45.21,-9.32,-6.2,-476.0,678.0,132.0
1552558166.021579,257.0,-45.24,-9.28,-6.13,-425.0,663.0,127.0
1552558166.1127732,253.0,-45.24,-9.26,-6.11,-409.0,646.0,89.0
1552558166.217932,259.0,-45.43,-8.69,-4.64,-306.0,409.0,131.0
1552558166.30655,253.0,-45.45,-8.64,-4.62,-293.0,382.0,34.0
1552558166.396124,254.0,-45.46,-8.62,-4.59,-279.0,357.0,-10.0
1552558166.484565,256.0,-45.46,-8.62,-4.54,-287.0,356.0,-7.0
1552558166.574763,258.0,-45.47,-8.62,-4.5,-292.0,356.0,-20.0
1552558166.660126,257.0,-45.52,-8.46,-3.56,-259.0,248.0,155.0
1552558166.75533,257.0,-45.53,-8.43,-3.45,-250.0,254.0,221.0
1552558166.849569,250.0,-45.53,-8.41,-3.37,-255.0,244.0,199.0
1552558166.9325728,256.0,-45.52,-8.39,-3.36,-287.0,251.0,167.0
1552558167.0294871,255.0,-45.53,-8.37,-3.35,-282.0,244.0,144.0
1552558167.127996,255.0,-45.77,-8.17,-2.56,-144.0,125.0,133.0
1552558167.215904,256.0,-45.78,-8.14,-2.57,-151.0,86.0,1.0
1552558167.312879,258.0,-45.78,-8.15,-2.6,-164.0,85.0,-41.0
1552558167.3962429,254.0,-45.78,-8.18,-2.62,-169.0,122.0,22.0
1552558167.4887948,258.0,-45.78,-8.21,-2.58,-173.0,164.0,141.0
1552558167.584983,252.0,-45.83,-8.07,-1.89,-114.0,50.0,161.0
1552558167.671223,255.0,-45.83,-8.04,-1.91,-111.0,41.0,171.0
1552558167.764543,259.0,-45.83,-8.02,-1.9,-89.0,21.0,179.0
1552558167.84434,254.0,-45.85,-7.99,-1.88,-33.0,-12.0,172.0
1552558167.940542,255.0,-45.84,-7.97,-1.85,-9.0,-56.0,90.0
1552558168.056724,258.0,-45.96,-7.9,-1.6,-45.0,-59.0,15.0
1552558168.125813,252.0,-45.97,-7.9,-1.56,-47.0,-29.0,83.0
1552558168.227196,258.0,-45.97,-7.89,-1.51,-100.0,14.0,172.0
1552558168.306536,258.0,-46.0,-7.85,-1.47,-102.0,0.0,174.0
1552558168.394659,256.0,-46.01,-7.81,-1.52,-100.0,-38.0,22.0
1552558168.509108,259.0,-45.96,-7.81,-1.16,-144.0,-107.0,140.0
1552558168.58911,258.0,-45.97,-7.8,-1.14,-121.0,-101.0,205.0
1552558168.682731,262.0,-45.98,-7.77,-1.14,-98.0,-117.0,160.0
1552558168.773408,259.0,-45.98,-7.73,-1.19,-82.0,-139.0,138.0
1552558168.8505359,258.0,-45.98,-7.7,-1.24,-80.0,-157.0,109.0
1552558168.967136,259.0,-45.89,-7.71,-1.33,-200.0,-92.0,129.0
1552558169.047072,259.0,-45.87,-7.7,-1.34,-219.0,-106.0,65.0
1552558169.138637,260.0,-45.86,-7.72,-1.31,-226.0,-114.0,18.0
1552558169.229821,262.0,-45.86,-7.76,-1.31,-206.0,-116.0,16.0
1552558169.32363,258.0,-45.86,-7.8,-1.3,-177.0,-116.0,60.0
1552558169.4349482,257.0,-45.91,-7.93,-1.13,-174.0,-123.0,64.0
1552558169.527068,257.0,-45.91,-7.96,-1.09,-175.0,-110.0,63.0
1552558169.6161401,254.0,-45.91,-7.97,-1.05,-171.0,-89.0,120.0
1552558169.70818,260.0,-45.91,-7.99,-1.02,-182.0,-72.0,188.0
1552558169.7893791,256.0,-45.92,-7.97,-1.04,-158.0,-88.0,175.0
1552558169.8801548,259.0,-45.98,-7.91,-0.88,-85.0,-196.0,-73.0
1552558169.969549,262.0,-45.97,-7.96,-0.85,-92.0,-191.0,-47.0
1552558170.068534,261.0,-45.97,-7.99,-0.83,-93.0,-160.0,65.0
1552558170.164483,259.0,-45.98,-7.98,-0.85,-56.0,-173.0,118.0
1552558170.244663,255.0,-45.97,-7.97,-0.87,-42.0,-177.0,85.0
1552558170.357812,256.0,-45.84,-8.05,-0.75,-91.0,-173.0,69.0
1552558170.44979,262.0,-45.84,-8.06,-0.77,-43.0,-198.0,22.0
1552558170.5328262,253.0,-45.83,-8.08,-0.73,-29.0,-215.0,16.0
1552558170.629954,258.0,-45.81,-8.11,-0.68,-67.0,-199.0,62.0
1552558170.7133,259.0,-45.8,-8.14,-0.64,-97.0,-180.0,108.0
1552558170.830013,258.0,-45.86,-8.36,-0.56,-31.0,-176.0,149.0
1552558170.9273028,256.0,-45.87,-8.37,-0.54,-32.0,-162.0,163.0
1552558171.005829,257.0,-45.88,-8.37,-0.52,-28.0,-163.0,182.0
1552558171.100075,255.0,-45.89,-8.36,-0.51,-12.0,-175.0,136.0
1552558171.172276,261.0,-45.9,-8.37,-0.51,9.0,-197.0,70.0
1552558171.2877529,257.0,-45.92,-8.64,-0.73,58.0,-135.0,145.0
1552558171.387868,258.0,-45.94,-8.63,-0.8,93.0,-123.0,187.0
1552558171.4713159,260.0,-45.93,-8.62,-0.85,126.0,-127.0,227.0
1552558171.554616,260.0,-45.91,-8.59,-0.86,122.0,-123.0,221.0
1552558171.663424,259.0,-45.89,-8.57,-0.82,105.0,-121.0,223.0
1552558171.7558222,261.0,-45.75,-8.59,-0.78,-110.0,-68.0,137.0
1552558171.846807,264.0,-45.76,-8.57,-0.79,-117.0,-101.0,78.0
1552558171.9318998,256.0,-45.77,-8.57,-0.83,-102.0,-147.0,-1.0
1552558172.032524,258.0,-45.78,-8.59,-0.84,-44.0,-187.0,-14.0
1552558172.118752,266.0,-45.78,-8.62,-0.86,0.0,-186.0,41.0
1552558172.215761,255.0,-45.77,-8.65,-0.92,-65.0,-65.0,133.0
1552558172.295687,256.0,-45.77,-8.63,-0.93,-72.0,-64.0,134.0
1552558172.3960361,258.0,-45.77,-8.63,-0.9,-90.0,-48.0,134.0
1552558172.475063,255.0,-45.78,-8.62,-0.91,-83.0,-61.0,112.0
1552558172.559592,259.0,-45.79,-8.62,-0.88,-58.0,-79.0,111.0
1552558172.669056,259.0,-45.77,-8.56,-0.71,-18.0,-189.0,34.0
1552558172.7635689,261.0,-45.75,-8.57,-0.76,-44.0,-179.0,46.0
1552558172.8417358,257.0,-45.75,-8.59,-0.78,-55.0,-158.0,102.0
1552558172.9369888,258.0,-45.74,-8.58,-0.79,-66.0,-126.0,158.0
1552558173.030318,260.0,-45.75,-8.56,-0.8,-86.0,-105.0,192.0
1552558173.1204128,259.0,-45.84,-8.59,-0.71,-26.0,-178.0,74.0
1552558173.2199738,256.0,-45.82,-8.61,-0.7,-39.0,-154.0,102.0
1552558173.305463,253.0,-45.83,-8.62,-0.67,-69.0,-122.0,210.0
1552558173.4004428,263.0,-45.84,-8.59,-0.64,-51.0,-137.0,226.0
1552558173.485114,258.0,-45.86,-8.57,-0.65,-41.0,-166.0,111.0
1552558173.606636,260.0,-45.91,-8.78,-0.89,-91.0,-131.0,95.0
1552558173.687398,263.0,-45.92,-8.81,-0.87,-85.0,-136.0,96.0
1552558173.777537,262.0,-45.91,-8.85,-0.85,-60.0,-124.0,142.0
1552558173.864954,260.0,-45.9,-8.87,-0.84,-67.0,-102.0,195.0
1552558173.9466932,257.0,-45.9,-8.88,-0.82,-79.0,-78.0,244.0
1552558174.062777,261.0,-46.06,-8.96,-0.72,-56.0,-53.0,232.0
1552558174.172329,264.0,-46.08,-8.94,-0.74,-15.0,-76.0,217.0
1552558174.259798,257.0,-46.08,-8.94,-0.77,-4.0,-104.0,140.0
1552558174.341356,260.0,-46.07,-8.94,-0.78,33.0,-128.0,77.0
1552558174.430069,257.0,-46.06,-8.97,-0.76,29.0,-118.0,115.0
1552558174.5471601,262.0,-46.02,-8.94,-0.58,-22.0,-115.0,115.0
1552558174.6211698,262.0,-46.02,-8.93,-0.61,-34.0,-127.0,103.0
1552558174.718462,261.0,-46.04,-8.91,-0.65,-24.0,-146.0,61.0
1552558174.812944,262.0,-46.04,-8.91,-0.65,-22.0,-150.0,53.0
1552558174.888203,262.0,-46.04,-8.92,-0.66,-22.0,-137.0,54.0
1552558175.001417,262.0,-46.01,-8.85,-0.69,-15.0,-118.0,110.0
1552558175.086151,260.0,-45.99,-8.86,-0.67,-37.0,-104.0,92.0
1552558175.180566,263.0,-45.99,-8.87,-0.67,-61.0,-121.0,85.0
1552558175.2660868,260.0,-45.98,-8.88,-0.68,-60.0,-138.0,51.0
1552558175.3582,258.0,-45.98,-8.89,-0.69,-58.0,-139.0,54.0
1552558175.479114,263.0,-43.24,-9.3,-0.98,829.0,-271.0,-45.0
1552558175.568428,261.0,-42.09,-9.43,-1.22,605.0,-200.0,54.0
1552558175.6469471,251.0,-40.89,-9.46,-1.58,543.0,-211.0,100.0
1552558175.74167,264.0,-39.51,-9.44,-2.05,705.0,-425.0,-4.0
1552558175.824757,273.0,-37.83,-9.5,-2.36,858.0,-570.0,-297.0
1552558175.918783,282.0,4.47,-11.79,-1.2,1940.0,-1711.0,-47.0
1552558176.024319,285.0,4.66,-11.76,-1.58,1963.0,-1538.0,326.0
1552558176.1020029,290.0,4.79,-11.62,-1.82,1893.0,-1283.0,836.0
1552558176.205039,291.0,4.79,-11.28,-1.94,1760.0,-1160.0,1069.0
1552558176.291428,294.0,4.77,-10.81,-1.99,1615.0,-1375.0,882.0
1552558176.3932369,294.0,6.36,-7.19,-4.77,832.0,-970.0,140.0
1552558176.486102,293.0,6.3,-7.13,-4.88,841.0,-940.0,331.0
1552558176.56097,285.0,6.21,-6.97,-4.95,892.0,-964.0,396.0
1552558176.659049,292.0,6.09,-6.75,-4.99,944.0,-1158.0,217.0
1552558176.741336,293.0,6.02,-6.57,-5.09,985.0,-1372.0,-127.0
1552558176.857384,296.0,5.35,-4.7,-7.11,747.0,-758.0,256.0
1552558176.930471,296.0,5.33,-4.71,-7.2,778.0,-696.0,519.0
1552558177.0223942,293.0,5.3,-4.61,-7.3,781.0,-586.0,739.0
1552558177.110446,292.0,5.24,-4.41,-7.38,772.0,-599.0,731.0
1552558177.183373,295.0,5.18,-4.2,-7.49,714.0,-639.0,465.0
1552558177.289611,289.0,4.01,-1.83,-8.7,179.0,-248.0,452.0
1552558177.385777,296.0,3.93,-1.63,-8.72,131.0,-292.0,361.0
1552558177.471748,294.0,3.85,-1.46,-8.75,122.0,-377.0,185.0
1552558177.563309,291.0,3.81,-1.36,-8.82,129.0,-444.0,34.0
1552558177.6522298,290.0,3.81,-1.35,-8.91,114.0,-429.0,51.0
1552558177.744768,294.0,3.34,-0.91,-11.91,-112.0,625.0,265.0
1552558177.836031,297.0,3.27,-0.86,-11.94,-138.0,646.0,130.0
1552558177.908236,294.0,3.2,-0.84,-12.01,-148.0,615.0,64.0
1552558178.012995,297.0,3.13,-0.84,-12.12,-147.0,622.0,-22.0
1552558178.091878,292.0,3.07,-0.88,-12.12,-130.0,643.0,32.0
1552558178.182645,297.0,2.33,-1.14,-10.95,-44.0,484.0,-85.0
1552558178.287831,292.0,2.33,-1.15,-11.08,-24.0,454.0,-99.0
1552558178.3626199,290.0,2.36,-1.2,-11.17,12.0,470.0,-44.0
1552558178.464364,292.0,2.4,-1.25,-11.2,38.0,534.0,108.0
1552558178.537076,294.0,2.42,-1.25,-11.15,36.0,604.0,233.0
1552558178.63743,298.0,2.07,-0.8,-9.71,-182.0,295.0,-85.0
1552558178.735483,291.0,2.07,-0.85,-9.71,-152.0,257.0,-79.0
1552558178.8080451,296.0,2.08,-0.9,-9.67,-118.0,278.0,21.0
1552558178.906568,291.0,2.09,-0.92,-9.64,-97.0,348.0,156.0
1552558178.9888809,295.0,2.08,-0.91,-9.63,-90.0,434.0,255.0
1552558179.094511,297.0,1.88,-1.0,-8.93,-210.0,353.0,172.0
1552558179.189367,294.0,1.85,-1.0,-8.93,-152.0,315.0,159.0
1552558179.278399,289.0,1.84,-1.0,-8.94,-104.0,269.0,166.0
1552558179.364694,297.0,1.85,-1.01,-8.93,-112.0,317.0,186.0
1552558179.447917,293.0,1.84,-1.03,-8.9,-141.0,372.0,241.0
1552558179.547877,293.0,1.53,-1.27,-8.12,-127.0,101.0,-167.0
1552558179.645813,300.0,1.54,-1.4,-8.1,-140.0,206.0,126.0
1552558179.7228422,294.0,1.54,-1.41,-8.05,-150.0,292.0,350.0
1552558179.817475,295.0,1.5,-1.32,-8.05,-141.0,303.0,317.0
1552558179.907269,296.0,1.47,-1.22,-8.09,-99.0,222.0,128.0
1552558179.9943879,298.0,1.4,-1.12,-7.48,-157.0,64.0,51.0
1552558180.090595,297.0,1.41,-1.15,-7.48,-165.0,87.0,158.0
1552558180.170638,293.0,1.39,-1.14,-7.44,-182.0,96.0,228.0
1552558180.2511082,293.0,1.38,-1.1,-7.38,-208.0,117.0,240.0
1552558180.345741,293.0,1.35,-1.05,-7.29,-230.0,133.0,252.0
1552558180.4342139,297.0,1.24,-1.11,-7.21,-238.0,35.0,16.0
1552558180.520364,291.0,1.23,-1.17,-7.21,-237.0,80.0,60.0
1552558180.6195579,293.0,1.22,-1.22,-7.19,-226.0,110.0,156.0
1552558180.6921751,298.0,1.19,-1.24,-7.18,-205.0,85.0,243.0
1552558180.782711,291.0,1.16,-1.24,-7.12,-183.0,85.0,298.0
1552558180.891028,294.0,1.06,-1.29,-7.09,-208.0,12.0,-29.0
1552558180.973002,293.0,1.07,-1.35,-7.04,-218.0,65.0,-4.0
1552558181.0784798,294.0,1.07,-1.4,-7.0,-218.0,97.0,117.0
1552558181.172127,294.0,1.05,-1.41,-6.97,-228.0,118.0,254.0
1552558181.238751,294.0,1.02,-1.35,-6.95,-224.0,50.0,244.0
1552558181.347127,296.0,1.0,-1.45,-6.75,-262.0,60.0,31.0
1552558181.4234009,298.0,1.0,-1.47,-6.7,-273.0,82.0,94.0
1552558181.509249,295.0,0.99,-1.45,-6.67,-272.0,56.0,111.0
1552558181.608694,299.0,0.97,-1.45,-6.67,-249.0,-11.0,76.0
1552558181.7031848,293.0,0.97,-1.45,-6.67,-211.0,-32.0,17.0
1552558181.781413,296.0,0.96,-1.48,-6.68,-201.0,-19.0,65.0
1552558181.871011,295.0,1.21,-1.6,-6.79,-266.0,60.0,176.0
1552558181.968679,298.0,1.2,-1.59,-6.79,-286.0,50.0,203.0
1552558182.048179,296.0,1.2,-1.57,-6.76,-288.0,33.0,137.0
1552558182.142763,295.0,1.18,-1.57,-6.71,-293.0,37.0,84.0
1552558182.223768,297.0,1.17,-1.59,-6.68,-277.0,16.0,75.0
1552558182.331491,296.0,1.22,-1.87,-6.53,-227.0,-105.0,-22.0
1552558182.4064262,300.0,1.23,-1.93,-6.52,-201.0,-74.0,17.0
1552558182.503283,296.0,1.25,-1.98,-6.51,-181.0,-28.0,105.0
1552558182.584577,296.0,1.26,-2.04,-6.49,-179.0,86.0,212.0
1552558182.684587,298.0,1.24,-2.05,-6.5,-186.0,133.0,326.0
1552558182.7746198,293.0,1.15,-2.1,-6.24,-225.0,-24.0,116.0
1552558182.848298,294.0,1.13,-2.1,-6.24,-214.0,-48.0,52.0
1552558182.952873,298.0,1.14,-2.1,-6.28,-184.0,-78.0,50.0
1552558183.024075,294.0,1.14,-2.12,-6.3,-169.0,-67.0,17.0
1552558183.1157372,293.0,1.14,-2.15,-6.31,-180.0,-75.0,51.0
1552558183.222899,292.0,0.92,-2.21,-6.19,-187.0,-32.0,13.0
1552558183.308437,291.0,0.92,-2.24,-6.18,-153.0,-25.0,174.0
1552558183.384743,295.0,0.9,-2.22,-6.17,-123.0,-29.0,266.0
1552558183.476425,301.0,0.89,-2.17,-6.18,-105.0,-76.0,235.0
1552558183.55927,291.0,0.89,-2.12,-6.21,-122.0,-109.0,124.0
1552558183.671503,293.0,0.86,-2.12,-6.22,-195.0,22.0,169.0
1552558183.7568629,292.0,0.84,-2.1,-6.19,-218.0,-12.0,132.0
1552558183.857208,291.0,0.83,-2.09,-6.2,-205.0,-85.0,63.0
1552558183.9341598,292.0,0.85,-2.11,-6.21,-197.0,-103.0,24.0
1552558184.0389068,298.0,0.85,-2.13,-6.2,-193.0,-129.0,-2.0
1552558184.125916,295.0,0.84,-2.28,-6.25,-172.0,-109.0,56.0
1552558184.225322,293.0,0.84,-2.29,-6.22,-184.0,-90.0,52.0
1552558184.3038158,295.0,0.84,-2.3,-6.21,-205.0,-52.0,54.0
1552558184.390058,297.0,0.84,-2.3,-6.25,-210.0,-51.0,96.0
1552558184.4703481,288.0,0.85,-2.29,-6.28,-205.0,-68.0,106.0
1552558184.5700312,295.0,0.93,-2.69,-6.12,-202.0,23.0,185.0
1552558184.647415,296.0,0.9,-2.69,-6.1,-180.0,0.0,261.0
1552558184.752523,299.0,0.88,-2.67,-6.1,-129.0,-99.0,187.0
1552558184.829855,292.0,0.88,-2.68,-6.07,-87.0,-139.0,125.0
1552558184.916532,293.0,0.89,-2.67,-6.01,-70.0,-130.0,125.0
1552558185.030405,297.0,0.71,-2.54,-6.29,-138.0,-79.0,175.0
1552558185.12526,292.0,0.7,-2.53,-6.28,-109.0,-135.0,140.0
1552558185.215363,295.0,0.71,-2.54,-6.27,-103.0,-132.0,130.0
1552558185.296167,295.0,0.73,-2.54,-6.27,-128.0,-98.0,99.0
1552558185.373205,296.0,0.72,-2.55,-6.29,-140.0,-80.0,96.0
1552558185.481179,299.0,0.72,-2.66,-6.13,-185.0,-110.0,160.0
1552558185.5819242,297.0,0.73,-2.66,-6.16,-174.0,-125.0,95.0
1552558185.653785,296.0,0.73,-2.66,-6.18,-163.0,-119.0,108.0
1552558185.747238,298.0,0.72,-2.65,-6.17,-150.0,-109.0,55.0
1552558185.8226922,298.0,0.7,-2.66,-6.11,-118.0,-127.0,25.0
1552558185.930754,295.0,0.82,-2.79,-6.56,-96.0,-102.0,-210.0
1552558186.0231,294.0,0.63,-2.61,-6.73,-113.0,-83.0,-84.0
1552558186.13396,301.0,0.26,-2.64,-6.7,-118.0,-88.0,-14.0
1552558186.20666,293.0,-0.14,-2.67,-6.69,-125.0,-53.0,-19.0
1552558186.300083,293.0,-0.15,-2.69,-6.69,-123.0,-30.0,11.0
1552558186.4017332,294.0,-0.24,-2.78,-6.62,-102.0,-95.0,-27.0
1552558186.490261,293.0,-0.26,-2.83,-6.59,-105.0,-69.0,177.0
1552558186.570121,295.0,-0.27,-2.81,-6.62,-101.0,-85.0,265.0
1552558186.659093,293.0,-0.27,-2.78,-6.62,-106.0,-84.0,265.0
1552558186.7428858,298.0,180.0,-12.64,6.28,0.0,0.0,0.0
1552558186.835954,299.0,-0.58,-2.97,-6.73,-41.0,28.0,200.0
1552558186.9167528,298.0,-0.63,-2.96,-6.75,23.0,-56.0,144.0
1552558187.025546,301.0,-0.68,-2.97,-6.73,41.0,-60.0,125.0
1552558187.101714,298.0,-0.73,-2.98,-6.77,18.0,-27.0,159.0
1552558187.1793878,303.0,-0.81,-2.98,-6.8,-27.0,55.0,108.0
1552558187.267759,303.0,-0.97,-3.02,-6.81,-78.0,153.0,-6.0
1552558187.376139,295.0,-43.86,-13.27,-6.69,1265.0,2078.0,838.0
1552558187.470793,295.0,-45.43,-12.66,-6.96,844.0,1974.0,112.0
1552558187.562902,296.0,-46.93,-12.31,-7.47,507.0,1853.0,-307.0
1552558187.6411898,290.0,-48.54,-12.05,-7.57,305.0,1638.0,-625.0
1552558187.742592,292.0,-50.16,-11.92,-7.47,613.0,1329.0,-996.0
1552558187.835289,293.0,-77.83,-11.08,-4.12,-328.0,1614.0,-354.0
1552558187.943509,291.0,-77.91,-10.97,-3.76,-354.0,1616.0,-228.0
1552558188.0409348,290.0,-77.96,-10.82,-3.49,-384.0,1609.0,-145.0
1552558188.130715,297.0,-77.99,-10.65,-3.29,-392.0,1602.0,-61.0
1552558188.215457,294.0,-78.02,-10.4,-3.4,-355.0,1544.0,-60.0
1552558188.319131,296.0,-77.55,-6.8,-2.26,-510.0,847.0,-237.0
1552558188.410201,297.0,-77.52,-6.78,-2.17,-562.0,824.0,-165.0
1552558188.4988952,297.0,-77.5,-6.7,-2.13,-604.0,788.0,-88.0
1552558188.58758,297.0,-77.52,-6.58,-2.15,-516.0,761.0,-229.0
1552558188.670728,296.0,-77.5,-6.53,-2.16,-431.0,754.0,-268.0
1552558188.787106,299.0,-77.26,-4.71,-0.25,-103.0,342.0,-238.0
1552558188.8645918,296.0,-77.3,-4.69,-0.25,22.0,349.0,-269.0
1552558188.965727,297.0,-77.31,-4.69,-0.21,16.0,385.0,-115.0
1552558189.048966,294.0,-77.32,-4.67,-0.19,9.0,437.0,114.0
1552558189.136776,293.0,-77.32,-4.57,-0.21,15.0,449.0,167.0
1552558189.228532,293.0,-79.03,-3.53,0.29,-549.0,162.0,155.0
1552558189.318038,300.0,-79.24,-3.42,0.18,-462.0,149.0,54.0
1552558189.412354,296.0,-79.4,-3.34,0.03,-375.0,117.0,-38.0
1552558189.504867,300.0,-79.53,-3.3,-0.12,-242.0,86.0,-39.0
1552558189.5800939,296.0,-79.64,-3.29,-0.26,-256.0,48.0,-150.0
1552558189.68106,300.0,-83.08,-3.16,0.42,-785.0,18.0,81.0
1552558189.773581,303.0,-83.23,-3.11,0.35,-636.0,38.0,46.0
1552558189.869705,299.0,-83.37,-3.08,0.42,-510.0,50.0,22.0
1552558189.958652,293.0,-11.46,-2.37,2.47,-157.0,134.0,-2741.0
1552558190.0532742,300.0,45.3,60.67,11.19,10310.0,-24155.0,9402.0
1552558190.166152,302.0,-85.52,-2.77,2.15,-167.0,-23.0,13.0
1552558190.2475038,302.0,-85.5,-2.8,2.09,-123.0,-3.0,75.0
1552558190.34034,304.0,-85.48,-2.83,2.01,-92.0,-6.0,31.0
1552558190.419855,302.0,-85.46,-2.85,1.94,-55.0,-13.0,-90.0
1552558190.5150578,309.0,-85.42,-2.91,1.92,-58.0,-19.0,-148.0
1552558190.607518,302.0,-85.53,-2.93,2.49,-65.0,120.0,152.0
1552558190.6936462,304.0,-85.53,-2.89,2.53,-59.0,85.0,48.0
1552558190.787064,306.0,-85.52,-2.86,2.59,-50.0,63.0,-59.0
1552558190.867096,309.0,-85.51,-2.88,2.62,-1.0,67.0,-91.0
1552558190.955474,305.0,-85.47,-2.94,2.57,17.0,71.0,-67.0
1552558191.044411,310.0,39.97,54.48,2.61,8728.0,-24651.0,-24961.0
1552558191.1647308,298.0,-85.28,-2.24,2.86,-82.0,-133.0,81.0
1552558191.249333,306.0,-85.28,-2.23,2.75,-62.0,-111.0,93.0
1552558191.3470159,299.0,-85.28,-2.22,2.74,-63.0,-114.0,84.0
1552558191.424814,305.0,-85.28,-2.21,2.75,-34.0,-122.0,72.0
1552558191.516027,306.0,-85.3,-2.18,2.8,20.0,-122.0,36.0
1552558191.613745,310.0,-85.15,-2.2,2.97,100.0,-132.0,99.0
1552558191.7000089,301.0,-85.14,-2.17,2.88,72.0,-143.0,157.0
1552558191.779766,303.0,-85.14,-2.1,2.81,31.0,-159.0,100.0
1552558191.866132,301.0,-85.13,-2.06,2.75,-16.0,-192.0,0.0
1552558191.9525278,306.0,-85.14,-2.04,2.72,-19.0,-182.0,0.0
1552558192.0565782,306.0,-85.42,-1.96,2.88,-85.0,-230.0,-53.0
1552558192.143348,303.0,-85.44,-1.99,2.85,41.0,-203.0,-20.0
1552558192.2385879,302.0,-85.45,-2.02,2.8,153.0,-178.0,13.0
1552558192.32113,304.0,-85.43,-2.03,2.77,200.0,-183.0,48.0
1552558192.4100149,303.0,-85.43,-2.03,2.81,127.0,-206.0,72.0
1552558192.5128698,305.0,-86.13,-1.78,3.27,99.0,-271.0,-29.0
1552558192.59038,303.0,-86.13,-1.78,3.22,96.0,-318.0,-87.0
1552558192.677099,308.0,-86.13,-1.8,3.21,124.0,-352.0,-97.0
1552558192.7621279,308.0,-86.15,-1.83,3.24,68.0,-377.0,-99.0
1552558192.865031,300.0,-86.18,-1.84,3.2,-6.0,-386.0,-61.0
1552558192.9559438,304.0,-86.74,-1.89,3.02,-15.0,-397.0,-105.0
1552558193.0516648,303.0,-86.77,-1.92,3.03,-8.0,-389.0,-87.0
1552558193.1325839,305.0,-86.79,-1.95,3.02,48.0,-380.0,-40.0
1552558193.212951,307.0,-86.8,-1.96,3.02,107.0,-363.0,-53.0
1552558193.318466,308.0,-86.8,-1.99,3.02,153.0,-355.0,-29.0
1552558193.419044,313.0,-86.81,-2.38,3.34,229.0,-309.0,112.0
1552558193.491798,305.0,-86.79,-2.38,3.39,216.0,-325.0,35.0
1552558193.58939,308.0,-86.78,-2.4,3.43,136.0,-337.0,-51.0
1552558193.685227,306.0,-86.78,-2.44,3.42,40.0,-354.0,-102.0
1552558193.762162,306.0,-86.8,-2.47,3.41,-20.0,-349.0,-26.0
1552558193.876715,306.0,-87.12,-2.73,3.53,159.0,-297.0,53.0
1552558193.968408,303.0,-87.15,-2.69,3.55,212.0,-310.0,-15.0
1552558194.066411,305.0,-87.17,-2.68,3.55,292.0,-294.0,-155.0
1552558194.153301,304.0,-87.16,-2.71,3.48,363.0,-290.0,-186.0
1552558194.238362,310.0,-87.13,-2.77,3.45,383.0,-294.0,-155.0
1552558194.3521569,310.0,-87.17,-3.13,3.16,259.0,-271.0,-167.0
1552558194.432837,306.0,-87.18,-3.18,3.17,215.0,-274.0,-107.0
1552558194.523856,304.0,-87.19,-3.2,3.14,196.0,-252.0,-8.0
1552558194.620422,304.0,-87.2,-3.21,3.06,201.0,-218.0,63.0
1552558194.702267,307.0,-87.19,-3.22,2.97,191.0,-207.0,120.0
1552558194.811106,311.0,-87.48,-3.47,2.84,226.0,-195.0,94.0
1552558194.8870962,303.0,-87.48,-3.46,2.86,256.0,-205.0,43.0
1552558194.991352,303.0,-87.47,-3.47,2.85,257.0,-199.0,40.0
1552558195.082653,313.0,-87.46,-3.47,2.81,229.0,-194.0,45.0
1552558195.160843,310.0,-87.45,-3.47,2.77,170.0,-199.0,-4.0
1552558195.251989,312.0,-87.37,-3.85,2.31,44.0,-127.0,6.0
1552558195.3491158,309.0,-87.38,-3.85,2.36,41.0,-144.0,-41.0
1552558195.428672,306.0,-87.39,-3.85,2.4,41.0,-156.0,-28.0
1552558195.519677,309.0,-87.41,-3.84,2.44,93.0,-140.0,-13.0
1552558195.609237,310.0,-87.41,-3.86,2.48,147.0,-112.0,24.0
1552558195.6950028,301.0,-87.3,-3.83,2.69,22.0,-195.0,-207.0
1552558195.799947,305.0,-87.31,-3.87,2.71,7.0,-189.0,-136.0
1552558195.875191,310.0,-87.34,-3.89,2.72,-28.0,-179.0,-80.0
1552558195.96351,312.0,-87.38,-3.89,2.69,17.0,-159.0,-41.0
1552558196.062279,317.0,-87.41,-3.88,2.63,77.0,-133.0,-59.0
1552558196.154977,316.0,-87.75,-4.45,2.55,282.0,92.0,254.0
1552558196.239872,313.0,-87.74,-4.41,2.53,361.0,132.0,234.0
1552558196.3363829,311.0,-87.69,-4.38,2.5,353.0,132.0,120.0
1552558196.411345,313.0,-87.62,-4.38,2.53,258.0,122.0,127.0
1552558196.5178418,314.0,-87.58,-4.36,2.56,86.0,84.0,204.0
1552558196.612559,312.0,-88.62,-3.9,2.38,319.0,-114.0,-49.0
1552558196.692873,315.0,-88.63,-3.92,2.37,242.0,-120.0,-47.0
1552558196.780324,318.0,-88.63,-3.94,2.42,204.0,-109.0,-36.0
1552558196.871457,312.0,-88.63,-3.98,2.5,158.0,-99.0,17.0
1552558196.9550662,316.0,-88.63,-3.98,2.56,177.0,-58.0,55.0
1552558197.049977,314.0,-88.61,-4.11,2.34,169.0,4.0,92.0
1552558197.144694,313.0,-88.62,-4.1,2.37,176.0,20.0,79.0
1552558197.227267,318.0,-88.61,-4.1,2.39,154.0,24.0,102.0
1552558197.308762,314.0,-88.62,-4.09,2.37,141.0,9.0,130.0
1552558197.394027,314.0,-88.63,-4.06,2.33,163.0,1.0,123.0
1552558197.478088,315.0,-88.64,-4.02,2.3,236.0,-1.0,53.0
1552558197.583471,314.0,-88.67,-3.79,2.08,138.0,-50.0,75.0
1552558197.665874,308.0,-88.7,-3.76,2.09,109.0,-67.0,72.0
1552558197.7540731,310.0,-88.72,-3.73,2.12,123.0,-69.0,12.0
1552558197.8465338,315.0,-88.74,-3.71,2.15,121.0,-85.0,-77.0
1552558197.923264,313.0,-88.76,-3.72,2.23,90.0,-103.0,-85.0
1552558198.031719,313.0,-88.74,-3.79,2.36,37.0,-97.0,54.0
1552558198.122077,314.0,-88.76,-3.78,2.35,77.0,-91.0,48.0
1552558198.21893,315.0,-88.77,-3.76,2.32,153.0,-80.0,24.0
1552558198.293889,315.0,-88.76,-3.75,2.32,174.0,-86.0,32.0
1552558198.3846881,317.0,-88.75,-3.74,2.32,158.0,-107.0,32.0
1552558198.479279,310.0,-88.76,-3.74,2.31,156.0,-140.0,-198.0
1552558198.5785742,317.0,-88.77,-3.78,2.32,117.0,-122.0,-106.0
1552558198.6565561,318.0,-88.79,-3.79,2.36,101.0,-90.0,0.0
1552558198.7416909,313.0,-88.81,-3.78,2.34,122.0,-89.0,59.0
1552558198.841929,313.0,-88.84,-3.77,2.32,112.0,-90.0,-9.0
1552558198.933045,313.0,-88.95,-3.77,2.26,105.0,-107.0,-132.0
1552558199.0152519,318.0,-88.96,-3.8,2.31,119.0,-102.0,-125.0
1552558199.131118,316.0,-88.97,-3.82,2.36,135.0,-95.0,-57.0
1552558199.215786,317.0,-88.98,-3.83,2.36,141.0,-96.0,9.0
1552558199.2846022,311.0,-89.01,-3.82,2.36,154.0,-90.0,49.0
1552558199.396647,311.0,-89.14,-3.83,2.21,152.0,-69.0,-68.0
1552558199.4749901,314.0,-89.15,-3.85,2.2,190.0,-56.0,5.0
1552558199.5582569,315.0,-89.18,-3.85,2.2,219.0,-40.0,52.0
1552558199.631666,320.0,-89.19,-3.83,2.17,274.0,-38.0,96.0
1552558199.728361,311.0,-89.19,-3.83,2.16,292.0,-45.0,73.0
1552558199.842301,313.0,-89.14,-3.81,1.98,115.0,-37.0,49.0
1552558199.9188192,315.0,-89.14,-3.82,1.95,128.0,-35.0,-129.0
1552558200.004716,315.0,-89.13,-3.89,1.96,129.0,-57.0,-93.0
1552558200.094192,316.0,-89.13,-3.93,1.94,124.0,-59.0,-8.0
1552558200.181986,317.0,-89.16,-3.93,1.92,172.0,-35.0,10.0
1552558200.27196,318.0,-89.11,-3.89,1.79,201.0,-16.0,52.0
1552558200.371457,314.0,-89.1,-3.87,1.81,182.0,-27.0,82.0
1552558200.4623091,312.0,-89.1,-3.85,1.84,118.0,-45.0,40.0
1552558200.544961,308.0,-89.11,-3.84,1.85,77.0,-44.0,-5.0
1552558200.6247559,315.0,-89.13,-3.81,1.85,74.0,-39.0,-12.0
1552558200.7269208,310.0,-89.28,-3.76,1.91,176.0,-97.0,-33.0
1552558200.825716,311.0,-89.29,-3.76,1.87,265.0,-59.0,36.0
1552558200.9154491,319.0,-89.28,-3.75,1.87,296.0,-20.0,51.0
1552558200.993409,311.0,-89.28,-3.72,1.92,255.0,-24.0,43.0
1552558201.0914009,317.0,-89.3,-3.68,1.92,208.0,-38.0,-24.0
1552558201.192301,313.0,-89.31,-3.68,1.71,165.0,-86.0,-12.0
1552558201.265494,312.0,-89.31,-3.68,1.68,159.0,-76.0,3.0
1552558201.353586,316.0,-89.3,-3.68,1.68,165.0,-55.0,58.0
1552558201.442272,319.0,-89.29,-3.66,1.68,157.0,-29.0,52.0
1552558201.527751,320.0,-89.27,-3.65,1.7,162.0,-18.0,32.0
1552558201.640776,319.0,-65.75,-6.53,2.13,596.0,89.0,-368.0
1552558201.728224,322.0,-64.61,-6.65,2.56,1192.0,-4.0,-373.0
1552558201.820003,318.0,-63.28,-6.86,2.94,1794.0,-93.0,-349.0
1552558201.917381,317.0,-61.78,-7.11,3.48,2031.0,-124.0,-231.0
1552558202.006709,315.0,-60.26,-7.39,4.03,1664.0,7.0,-127.0
1552558202.1178272,312.0,-58.19,-5.25,1.31,1435.0,240.0,-184.0
1552558202.203449,318.0,-58.12,-5.11,1.01,1450.0,212.0,-253.0
1552558202.289004,316.0,-58.02,-5.05,0.87,1293.0,250.0,-221.0
1552558202.378079,313.0,-57.96,-5.09,0.92,1105.0,319.0,-139.0
1552558202.465446,312.0,-57.93,-5.08,0.98,1061.0,321.0,-108.0
1552558202.569452,317.0,-58.03,-3.43,-0.83,896.0,387.0,96.0
1552558202.6571462,317.0,-58.0,-3.35,-0.81,707.0,429.0,133.0
1552558202.751013,322.0,-58.01,-3.26,-0.82,606.0,424.0,182.0
1552558202.826947,316.0,-58.07,-3.12,-0.89,656.0,362.0,171.0
1552558202.91596,319.0,-58.12,-2.98,-1.02,677.0,323.0,88.0
1552558203.020551,315.0,-58.31,-1.54,-1.3,622.0,98.0,41.0
1552558203.103114,316.0,-58.33,-1.42,-1.39,579.0,67.0,34.0
1552558203.200109,315.0,-58.33,-1.32,-1.55,552.0,48.0,-74.0
1552558203.284263,314.0,-58.32,-1.28,-1.68,449.0,60.0,-110.0
1552558203.371906,308.0,-58.34,-1.27,-1.7,395.0,83.0,-36.0
1552558203.471147,317.0,-57.71,-0.37,-1.96,126.0,-21.0,-154.0
1552558203.5538828,316.0,-57.73,-0.35,-2.01,201.0,-14.0,-277.0
1552558203.6479921,316.0,-57.73,-0.39,-2.04,298.0,-7.0,-241.0
1552558203.7335098,310.0,-57.73,-0.42,-2.04,424.0,9.0,-85.0
1552558203.828087,319.0,-57.7,-0.45,-2.05,430.0,47.0,52.0
1552558203.925885,314.0,-57.51,-0.06,-2.56,290.0,71.0,135.0
1552558204.0073652,317.0,-57.5,-0.02,-2.6,373.0,66.0,45.0
1552558204.097881,315.0,-57.47,0.0,-2.63,415.0,67.0,34.0
1552558204.1761138,319.0,-57.43,0.01,-2.62,714.0,-135.0,-8420.0
1552558204.283314,316.0,15.14,8.2,-64.24,-503.0,-19752.0,14082.0
1552558204.3863208,316.0,-57.15,0.63,-3.08,275.0,11.0,150.0
1552558204.475421,315.0,-57.12,0.65,-3.07,256.0,23.0,68.0
1552558204.559686,315.0,-57.08,0.64,-3.02,172.0,52.0,41.0
1552558204.645931,316.0,-57.06,0.63,-2.93,107.0,64.0,146.0
1552558204.733997,317.0,-57.03,0.65,-2.91,43.0,75.0,177.0
1552558204.83873,313.0,-57.05,1.21,-3.33,286.0,-52.0,81.0
1552558204.93046,315.0,-57.02,1.21,-3.35,193.0,-18.0,79.0
1552558205.0095859,316.0,-56.99,1.21,-3.31,90.0,-3.0,117.0
1552558205.096174,318.0,-56.99,1.23,-3.29,-9.0,10.0,120.0
1552558205.19084,319.0,-57.0,1.25,-3.23,-71.0,13.0,89.0
1552558205.272633,311.0,-57.35,1.55,-3.17,165.0,-67.0,86.0
1552558205.364341,321.0,-57.35,1.54,-3.18,167.0,-61.0,86.0
1552558205.458573,316.0,-112.85,21.17,-68.83,13050.0,-27126.0,12102.0
1552558205.562408,316.0,-112.21,18.65,-59.25,30593.0,25887.0,-31689.0
1552558205.6599839,312.0,-110.2,-22.88,62.31,-6155.0,-12918.0,8495.0
1552558205.77013,309.0,-57.26,1.87,-3.29,100.0,-138.0,-108.0
1552558205.858345,316.0,-57.23,1.82,-3.3,14.0,-110.0,-24.0
1552558205.951469,320.0,-57.24,1.8,-3.3,-43.0,-93.0,53.0
1552558206.043893,320.0,-57.27,1.82,-3.33,-37.0,-95.0,102.0
1552558206.1276999,315.0,-57.29,1.87,-3.36,27.0,-104.0,60.0
1552558206.218495,316.0,-57.18,1.73,-3.35,-159.0,-78.0,68.0
1552558206.305711,316.0,-57.22,1.73,-3.38,-113.0,-87.0,158.0
1552558206.383052,321.0,-57.27,1.77,-3.48,14.0,-129.0,177.0
1552558206.479895,315.0,-57.28,1.83,-3.54,113.0,-161.0,52.0
1552558206.5674229,322.0,-0.0,-0.0,0.0,-2.0,21524.0,-10321.0
1552558206.677396,315.0,-57.25,1.88,-3.25,-10.0,-129.0,18.0
1552558206.783519,318.0,-57.24,1.88,-3.32,20.0,-120.0,-39.0
1552558206.862441,316.0,-57.24,1.88,-3.35,41.0,-126.0,-37.0
1552558206.948283,322.0,-57.22,1.84,-3.32,8.0,-129.0,-23.0
1552558207.039816,318.0,-57.21,1.83,-3.28,-26.0,-137.0,35.0
1552558207.136843,320.0,-57.24,1.77,-3.47,-56.0,-102.0,91.0
1552558207.2136588,316.0,-57.23,1.78,-3.48,-91.0,-90.0,31.0
1552558207.3093,314.0,-57.23,1.77,-3.44,-126.0,-101.0,47.0
1552558207.399862,312.0,-57.23,1.76,-3.42,-156.0,-97.0,88.0
1552558207.48995,315.0,-57.25,1.78,-3.41,-156.0,-105.0,88.0
1552558207.577145,319.0,-57.35,1.69,-3.24,-16.0,-159.0,73.0
1552558207.6712341,318.0,-57.35,1.68,-3.28,27.0,-152.0,135.0
1552558207.762736,315.0,-57.35,1.69,-3.27,5.0,-125.0,150.0
1552558207.8503091,314.0,-57.35,1.7,-3.24,-49.0,-102.0,150.0
1552558207.943831,311.0,-57.36,1.73,-3.18,-62.0,-111.0,120.0
1552558208.0327759,313.0,-57.37,2.04,-3.2,-123.0,-218.0,-12.0
1552558208.128256,313.0,-57.38,2.06,-3.18,-64.0,-238.0,-35.0
1552558208.216195,311.0,-57.39,2.07,-3.2,-17.0,-253.0,-36.0
1552558208.293982,318.0,-57.39,2.09,-3.24,1.0,-249.0,-76.0
1552558208.3797529,311.0,-57.38,2.09,-3.26,-14.0,-224.0,-25.0
1552558208.4885702,319.0,-56.89,1.94,-3.53,-377.0,-235.0,-36.0
1552558208.5758011,320.0,-56.92,1.89,-3.53,-370.0,-228.0,19.0
1552558208.677662,320.0,-56.97,1.86,-3.55,-308.0,-224.0,38.0
1552558208.748021,316.0,-57.0,1.83,-3.57,-257.0,-203.0,45.0
1552558208.851559,314.0,-57.03,1.79,-3.61,-203.0,-193.0,109.0
1552558208.946204,318.0,-56.96,1.75,-3.5,-382.0,-233.0,22.0
1552558209.0384781,315.0,-56.97,1.73,-3.49,-360.0,-224.0,37.0
1552558209.13478,312.0,-56.99,1.72,-3.45,-321.0,-207.0,54.0
1552558209.230759,319.0,-57.0,1.72,-3.42,-281.0,-171.0,41.0
1552558209.298462,317.0,-57.01,1.71,-3.4,-274.0,-159.0,67.0
1552558209.410702,315.0,-57.38,1.22,-3.04,-191.0,-157.0,59.0
1552558209.514873,313.0,-57.39,1.22,-3.03,-224.0,-173.0,26.0
1552558209.6017652,316.0,-57.44,1.21,-2.99,-191.0,-190.0,-62.0
1552558209.6831481,316.0,-57.46,1.17,-2.95,-158.0,-181.0,-73.0
1552558209.7890859,316.0,-57.47,1.11,-2.89,-134.0,-160.0,23.0
1552558209.8798668,313.0,-57.73,0.82,-2.54,-123.0,-140.0,113.0
1552558209.963951,308.0,-57.79,0.84,-2.44,-111.0,-130.0,186.0
1552558210.063327,314.0,-57.84,0.89,-2.36,-50.0,-131.0,201.0
1552558210.1439328,314.0,-57.88,0.94,-2.35,6.0,-153.0,167.0
1552558210.218539,314.0,-57.91,0.99,-2.4,95.0,-196.0,94.0
1552558210.3288121,313.0,-57.71,0.85,-2.78,-102.0,-142.0,153.0
1552558210.417529,314.0,-57.73,0.86,-2.84,-47.0,-160.0,144.0
1552558210.507367,317.0,-57.72,0.87,-2.87,-78.0,-169.0,12.0
1552558210.595084,316.0,-57.71,0.85,-2.88,-107.0,-185.0,-114.0
1552558210.685168,316.0,-57.69,0.8,-2.88,-129.0,-197.0,-149.0
1552558210.792084,315.0,-58.1,0.49,-2.93,-12.0,-9.0,-9.0
1552558210.877886,320.0,-58.1,0.49,-2.91,-26.0,-1.0,-26.0
1552558210.961609,319.0,-58.1,0.48,-2.89,-58.0,14.0,-28.0
1552558211.06194,322.0,-58.11,0.48,-2.85,-63.0,16.0,-37.0
1552558211.1485891,321.0,-58.11,0.49,-2.85,-44.0,8.0,-100.0
1552558211.240472,313.0,-57.92,0.43,-2.75,-55.0,-22.0,185.0
1552558211.3241768,313.0,-57.89,0.46,-2.71,-53.0,-29.0,184.0
1552558211.4235399,320.0,-2.91,-5.0,84.09,-569.0,-31965.0,14352.0
1552558211.5202508,312.0,-51.54,-49.12,-2.44,21715.0,-13948.0,31025.0
1552558211.6237361,315.0,41.3,19.42,51.13,-11006.0,25272.0,-19775.0
1552558211.712286,316.0,-57.89,0.65,-2.45,-67.0,-114.0,-165.0
1552558211.806329,314.0,-57.88,0.61,-2.51,-47.0,-120.0,-144.0
1552558211.888366,320.0,-57.89,0.58,-2.51,-28.0,-107.0,-57.0
1552558211.994373,317.0,-57.9,0.58,-2.5,2.0,-82.0,5.0
1552558212.0709162,318.0,-57.9,0.59,-2.5,30.0,-76.0,82.0
1552558212.16014,322.0,-57.87,0.53,-2.22,-175.0,-110.0,108.0
1552558212.2634728,315.0,-57.87,0.54,-2.23,-178.0,-125.0,124.0
1552558212.3531241,315.0,-57.87,0.56,-2.24,-175.0,-156.0,107.0
1552558212.424505,319.0,-57.87,0.58,-2.25,-174.0,-185.0,28.0
1552558212.520442,313.0,-57.87,0.57,-2.28,-171.0,-192.0,-74.0
1552558212.623451,318.0,-57.82,0.28,-2.1,-190.0,-70.0,-1.0
1552558212.70812,312.0,-57.85,0.25,-2.03,-171.0,-96.0,78.0
1552558212.799787,318.0,-57.88,0.28,-2.03,-120.0,-117.0,-12.0
1552558212.897888,310.0,-57.9,0.29,-2.01,-88.0,-118.0,-107.0
1552558212.967712,318.0,-57.91,0.27,-1.97,-49.0,-97.0,-63.0
1552558213.0751638,319.0,-57.97,0.35,-1.77,-160.0,-190.0,-24.0
1552558213.1628869,320.0,-58.0,0.34,-1.74,-148.0,-198.0,-30.0
1552558213.269438,314.0,-58.02,0.33,-1.74,-101.0,-196.0,-81.0
1552558213.3490381,313.0,-58.02,0.29,-1.78,-76.0,-184.0,-67.0
1552558213.43561,318.0,-58.04,0.27,-1.83,-12.0,-170.0,4.0
1552558213.522601,314.0,-58.23,0.04,-1.74,19.0,-78.0,1.0
1552558213.609668,309.0,-58.24,0.03,-1.72,28.0,-71.0,-12.0
1552558213.705211,319.0,-58.24,0.01,-1.71,41.0,-68.0,58.0
1552558213.788564,317.0,-58.24,0.02,-1.73,42.0,-61.0,98.0
1552558213.879484,315.0,-58.24,0.05,-1.73,15.0,-63.0,93.0
1552558213.9870121,315.0,-58.32,0.05,-1.63,-59.0,-158.0,55.0
1552558214.062811,312.0,-58.34,0.05,-1.61,-71.0,-136.0,93.0
